Season,Date,HomeTeam,AwayTeam,HomeGoals,AwayGoals,Result,Time,Venue,Attendance,Referee
2017-2018,2017-08-11,Arsenal,Leicester City,4,3,H,19:45,Emirates Stadium,59387.0,Mike Dean
2017-2018,2017-08-12,Watford,Liverpool,3,3,D,12:30,Vicarage Road Stadium,20407.0,Anthony Taylor
2017-2018,2017-08-12,Everton,Stoke City,1,0,H,15:00,Goodison Park,39045.0,Niel Swarbrick
2017-2018,2017-08-12,Chelsea,Burnley,2,3,A,15:00,Stamford Bridge,41616.0,Craig Pawson
2017-2018,2017-08-12,Crystal Palace,Huddersfield,0,3,A,15:00,Selhurst Park,25448.0,Jonathan Moss
2017-2018,2017-08-12,West Brom,Bournemouth,1,0,H,15:00,The Hawthorns,25011.0,Robert Madley
2017-2018,2017-08-12,Southampton,Swansea City,0,0,D,15:00,St. Mary's Stadium,31447.0,Mike Jones
2017-2018,2017-08-12,Brighton,Manchester City,0,2,A,17:30,The American Express Community Stadium,30415.0,Michael Oliver
2017-2018,2017-08-13,Newcastle Utd,Tottenham,0,2,A,13:30,St. James' Park,52077.0,Andre Marriner
2017-2018,2017-08-13,Manchester Utd,West Ham,4,0,H,16:00,Old Trafford,74928.0,Martin Atkinson
2017-2018,2017-08-19,Swansea City,Manchester Utd,0,4,A,12:30,Liberty Stadium,20862.0,Jonathan Moss
2017-2018,2017-08-19,Bournemouth,Watford,0,2,A,15:00,Vitality Stadium,10501.0,Roger East
2017-2018,2017-08-19,Burnley,West Brom,0,1,A,15:00,Turf Moor,19619.0,Martin Atkinson
2017-2018,2017-08-19,Southampton,West Ham,3,2,H,15:00,St. Mary's Stadium,31424.0,Lee Mason
2017-2018,2017-08-19,Leicester City,Brighton,2,0,H,15:00,King Power Stadium,31902.0,Lee Probert
2017-2018,2017-08-19,Liverpool,Crystal Palace,1,0,H,15:00,Anfield,53138.0,Kevin Friend
2017-2018,2017-08-19,Stoke City,Arsenal,1,0,H,17:30,Bet365 Stadium,29459.0,Andre Marriner
2017-2018,2017-08-20,Huddersfield,Newcastle Utd,1,0,H,13:30,The John Smith's Stadium,24128.0,Craig Pawson
2017-2018,2017-08-20,Tottenham,Chelsea,1,2,A,16:00,Wembley Stadium,73587.0,Anthony Taylor
2017-2018,2017-08-21,Manchester City,Everton,1,1,D,20:00,Etihad Stadium,49108.0,Robert Madley
2017-2018,2017-08-26,Bournemouth,Manchester City,1,2,A,12:30,Vitality Stadium,10419.0,Mike Dean
2017-2018,2017-08-26,Newcastle Utd,West Ham,3,0,H,15:00,St. James' Park,52093.0,Niel Swarbrick
2017-2018,2017-08-26,Watford,Brighton,0,0,D,15:00,Vicarage Road Stadium,20181.0,Graham Scott
2017-2018,2017-08-26,Huddersfield,Southampton,0,0,D,15:00,The John Smith's Stadium,23548.0,Stuart Attwell
2017-2018,2017-08-26,Crystal Palace,Swansea City,0,2,A,15:00,Selhurst Park,23477.0,Andre Marriner
2017-2018,2017-08-26,Manchester Utd,Leicester City,2,0,H,17:30,Old Trafford,75021.0,Michael Oliver
2017-2018,2017-08-27,West Brom,Stoke City,1,1,D,13:30,The Hawthorns,22704.0,Anthony Taylor
2017-2018,2017-08-27,Chelsea,Everton,2,0,H,13:30,Stamford Bridge,41382.0,Jonathan Moss
2017-2018,2017-08-27,Tottenham,Burnley,1,1,D,16:00,Wembley Stadium,67862.0,Lee Mason
2017-2018,2017-08-27,Liverpool,Arsenal,4,0,H,16:00,Anfield,53206.0,Craig Pawson
2017-2018,2017-09-09,Manchester City,Liverpool,5,0,H,12:30,Etihad Stadium,54172.0,Jonathan Moss
2017-2018,2017-09-09,Arsenal,Bournemouth,3,0,H,15:00,Emirates Stadium,59262.0,Anthony Taylor
2017-2018,2017-09-09,Southampton,Watford,0,2,A,15:00,St. Mary's Stadium,31435.0,Lee Probert
2017-2018,2017-09-09,Leicester City,Chelsea,1,2,A,15:00,King Power Stadium,30923.0,Lee Mason
2017-2018,2017-09-09,Brighton,West Brom,3,1,H,15:00,The American Express Community Stadium,30381.0,Chris Kavanagh
2017-2018,2017-09-09,Everton,Tottenham,0,3,A,15:00,Goodison Park,38835.0,Graham Scott
2017-2018,2017-09-09,Stoke City,Manchester Utd,2,2,D,17:30,Bet365 Stadium,29320.0,Niel Swarbrick
2017-2018,2017-09-10,Burnley,Crystal Palace,1,0,H,13:30,Turf Moor,18862.0,Michael Oliver
2017-2018,2017-09-10,Swansea City,Newcastle Utd,0,1,A,16:00,Liberty Stadium,20872.0,Mike Jones
2017-2018,2017-09-11,West Ham,Huddersfield,2,0,H,20:00,London Stadium,56977.0,Kevin Friend
2017-2018,2017-09-15,Bournemouth,Brighton,2,1,H,20:00,Vitality Stadium,10369.0,Craig Pawson
2017-2018,2017-09-16,Crystal Palace,Southampton,0,1,A,12:30,Selhurst Park,24199.0,Robert Madley
2017-2018,2017-09-16,Newcastle Utd,Stoke City,2,1,H,15:00,St. James' Park,51795.0,Stuart Attwell
2017-2018,2017-09-16,Liverpool,Burnley,1,1,D,15:00,Anfield,53231.0,Roger East
2017-2018,2017-09-16,Watford,Manchester City,0,6,A,15:00,Vicarage Road Stadium,20305.0,Anthony Taylor
2017-2018,2017-09-16,West Brom,West Ham,0,0,D,15:00,The Hawthorns,24942.0,Paul Tierney
2017-2018,2017-09-16,Huddersfield,Leicester City,1,1,D,15:00,The John Smith's Stadium,24129.0,Jonathan Moss
2017-2018,2017-09-16,Tottenham,Swansea City,0,0,D,17:30,Wembley Stadium,65366.0,Mike Dean
2017-2018,2017-09-17,Chelsea,Arsenal,0,0,D,13:30,Stamford Bridge,41478.0,Michael Oliver
2017-2018,2017-09-17,Manchester Utd,Everton,4,0,H,16:00,Old Trafford,75042.0,Andre Marriner
2017-2018,2017-09-23,West Ham,Tottenham,2,3,A,12:30,London Stadium,56988.0,Michael Oliver
2017-2018,2017-09-23,Everton,Bournemouth,2,1,H,15:00,Goodison Park,38133.0,Martin Atkinson
2017-2018,2017-09-23,Southampton,Manchester Utd,0,1,A,15:00,St. Mary's Stadium,31930.0,Craig Pawson
2017-2018,2017-09-23,Stoke City,Chelsea,0,4,A,15:00,Bet365 Stadium,29661.0,Mike Dean
2017-2018,2017-09-23,Burnley,Huddersfield,0,0,D,15:00,Turf Moor,20759.0,Chris Kavanagh
2017-2018,2017-09-23,Manchester City,Crystal Palace,5,0,H,15:00,Etihad Stadium,53526.0,Niel Swarbrick
2017-2018,2017-09-23,Swansea City,Watford,1,2,A,15:00,Liberty Stadium,20372.0,Lee Mason
2017-2018,2017-09-23,Leicester City,Liverpool,2,3,A,17:30,King Power Stadium,32004.0,Anthony Taylor
2017-2018,2017-09-24,Brighton,Newcastle Utd,1,0,H,16:00,The American Express Community Stadium,30468.0,Andre Marriner
2017-2018,2017-09-25,Arsenal,West Brom,2,0,H,20:00,Emirates Stadium,59134.0,Robert Madley
2017-2018,2017-09-30,Huddersfield,Tottenham,0,4,A,12:30,The John Smith's Stadium,24169.0,Niel Swarbrick
2017-2018,2017-09-30,Manchester Utd,Crystal Palace,4,0,H,15:00,Old Trafford,75118.0,Mike Dean
2017-2018,2017-09-30,West Ham,Swansea City,1,0,H,15:00,London Stadium,56922.0,Roger East
2017-2018,2017-09-30,West Brom,Watford,2,2,D,15:00,The Hawthorns,24606.0,Michael Oliver
2017-2018,2017-09-30,Stoke City,Southampton,2,1,H,15:00,Bet365 Stadium,29285.0,Mike Jones
2017-2018,2017-09-30,Bournemouth,Leicester City,0,0,D,15:00,Vitality Stadium,10444.0,Graham Scott
2017-2018,2017-09-30,Chelsea,Manchester City,0,1,A,17:30,Stamford Bridge,41530.0,Martin Atkinson
2017-2018,2017-10-01,Arsenal,Brighton,2,0,H,12:00,Emirates Stadium,59378.0,Kevin Friend
2017-2018,2017-10-01,Everton,Burnley,0,1,A,14:15,Goodison Park,38448.0,Jonathan Moss
2017-2018,2017-10-01,Newcastle Utd,Liverpool,1,1,D,16:30,St. James' Park,52303.0,Craig Pawson
2017-2018,2017-10-14,Liverpool,Manchester Utd,0,0,D,12:30,Anfield,52912.0,Martin Atkinson
2017-2018,2017-10-14,Burnley,West Ham,1,1,D,15:00,Turf Moor,20945.0,Stuart Attwell
2017-2018,2017-10-14,Crystal Palace,Chelsea,2,1,H,15:00,Selhurst Park,25480.0,Andre Marriner
2017-2018,2017-10-14,Tottenham,Bournemouth,1,0,H,15:00,Wembley Stadium,73502.0,Robert Madley
2017-2018,2017-10-14,Manchester City,Stoke City,7,2,H,15:00,Etihad Stadium,54128.0,Craig Pawson
2017-2018,2017-10-14,Swansea City,Huddersfield,2,0,H,15:00,Liberty Stadium,20657.0,Paul Tierney
2017-2018,2017-10-14,Watford,Arsenal,2,1,H,17:30,Vicarage Road Stadium,20384.0,Niel Swarbrick
2017-2018,2017-10-15,Brighton,Everton,1,1,D,13:30,The American Express Community Stadium,30565.0,Michael Oliver
2017-2018,2017-10-15,Southampton,Newcastle Utd,2,2,D,16:00,St. Mary's Stadium,31437.0,Kevin Friend
2017-2018,2017-10-16,Leicester City,West Brom,1,1,D,20:00,King Power Stadium,30203.0,Mike Dean
2017-2018,2017-10-20,West Ham,Brighton,0,3,A,20:00,London Stadium,56977.0,Martin Atkinson
2017-2018,2017-10-21,Chelsea,Watford,4,2,H,12:30,Stamford Bridge,41467.0,Jonathan Moss
2017-2018,2017-10-21,Stoke City,Bournemouth,1,2,A,15:00,Bet365 Stadium,29500.0,Lee Probert
2017-2018,2017-10-21,Swansea City,Leicester City,1,2,A,15:00,Liberty Stadium,20521.0,Michael Oliver
2017-2018,2017-10-21,Manchester City,Burnley,3,0,H,15:00,Etihad Stadium,54118.0,Roger East
2017-2018,2017-10-21,Huddersfield,Manchester Utd,2,1,H,15:00,The John Smith's Stadium,24426.0,Lee Mason
2017-2018,2017-10-21,Newcastle Utd,Crystal Palace,1,0,H,15:00,St. James' Park,52251.0,Stuart Attwell
2017-2018,2017-10-21,Southampton,West Brom,1,0,H,17:30,St. Mary's Stadium,29947.0,Graham Scott
2017-2018,2017-10-22,Everton,Arsenal,2,5,A,13:30,Goodison Park,39189.0,Craig Pawson
2017-2018,2017-10-22,Tottenham,Liverpool,4,1,H,16:00,Wembley Stadium,80827.0,Andre Marriner
2017-2018,2017-10-28,Manchester Utd,Tottenham,1,0,H,12:30,Old Trafford,75034.0,Jonathan Moss
2017-2018,2017-10-28,Arsenal,Swansea City,2,1,H,15:00,Emirates Stadium,59493.0,Lee Mason
2017-2018,2017-10-28,Watford,Stoke City,0,1,A,15:00,Vicarage Road Stadium,20087.0,Michael Oliver
2017-2018,2017-10-28,West Brom,Manchester City,2,3,A,15:00,The Hawthorns,24003.0,Mike Jones
2017-2018,2017-10-28,Liverpool,Huddersfield,3,0,H,15:00,Anfield,53268.0,Kevin Friend
2017-2018,2017-10-28,Crystal Palace,West Ham,2,2,D,15:00,Selhurst Park,25242.0,Robert Madley
2017-2018,2017-10-28,Bournemouth,Chelsea,0,1,A,17:30,Vitality Stadium,10998.0,Craig Pawson
2017-2018,2017-10-29,Brighton,Southampton,1,1,D,13:30,The American Express Community Stadium,30564.0,Niel Swarbrick
2017-2018,2017-10-29,Leicester City,Everton,2,0,H,16:00,King Power Stadium,31891.0,Andre Marriner
2017-2018,2017-10-30,Burnley,Newcastle Utd,1,0,H,20:00,Turf Moor,21031.0,Mike Dean
2017-2018,2017-11-04,Stoke City,Leicester City,2,2,D,12:30,Bet365 Stadium,29602.0,Robert Madley
2017-2018,2017-11-04,Newcastle Utd,Bournemouth,0,1,A,15:00,St. James' Park,52237.0,Paul Tierney
2017-2018,2017-11-04,Huddersfield,West Brom,1,0,H,15:00,The John Smith's Stadium,24169.0,Roger East
2017-2018,2017-11-04,Southampton,Burnley,0,1,A,15:00,St. Mary's Stadium,30491.0,Lee Probert
2017-2018,2017-11-04,Swansea City,Brighton,0,1,A,15:00,Liberty Stadium,20822.0,Mike Dean
2017-2018,2017-11-04,West Ham,Liverpool,1,4,A,17:30,London Stadium,56961.0,Niel Swarbrick
2017-2018,2017-11-05,Tottenham,Crystal Palace,1,0,H,12:00,Wembley Stadium,65270.0,Kevin Friend
2017-2018,2017-11-05,Manchester City,Arsenal,3,1,H,14:15,Etihad Stadium,54286.0,Michael Oliver
2017-2018,2017-11-05,Everton,Watford,3,2,H,16:30,Goodison Park,38609.0,Graham Scott
2017-2018,2017-11-05,Chelsea,Manchester Utd,1,0,H,16:30,Stamford Bridge,41615.0,Anthony Taylor
2017-2018,2017-11-18,Arsenal,Tottenham,2,0,H,12:30,Emirates Stadium,59530.0,Mike Dean
2017-2018,2017-11-18,West Brom,Chelsea,0,4,A,15:00,The Hawthorns,23592.0,Jonathan Moss
2017-2018,2017-11-18,Burnley,Swansea City,2,0,H,15:00,Turf Moor,18895.0,Martin Atkinson
2017-2018,2017-11-18,Liverpool,Southampton,3,0,H,15:00,Anfield,53256.0,Mike Jones
2017-2018,2017-11-18,Crystal Palace,Everton,2,2,D,15:00,Selhurst Park,25526.0,Anthony Taylor
2017-2018,2017-11-18,Leicester City,Manchester City,0,2,A,15:00,King Power Stadium,31908.0,Graham Scott
2017-2018,2017-11-18,Bournemouth,Huddersfield,4,0,H,15:00,Vitality Stadium,10879.0,Lee Probert
2017-2018,2017-11-18,Manchester Utd,Newcastle Utd,4,1,H,17:30,Old Trafford,75035.0,Craig Pawson
2017-2018,2017-11-19,Watford,West Ham,2,0,H,16:00,Vicarage Road Stadium,20018.0,Andre Marriner
2017-2018,2017-11-20,Brighton,Stoke City,2,2,D,20:00,The American Express Community Stadium,29676.0,Lee Mason
2017-2018,2017-11-24,West Ham,Leicester City,1,1,D,20:00,London Stadium,56897.0,Martin Atkinson
2017-2018,2017-11-25,Newcastle Utd,Watford,0,3,A,15:00,St. James' Park,52188.0,Chris Kavanagh
2017-2018,2017-11-25,Tottenham,West Brom,1,1,D,15:00,Wembley Stadium,65905.0,Mike Jones
2017-2018,2017-11-25,Manchester Utd,Brighton,1,0,H,15:00,Old Trafford,75018.0,Niel Swarbrick
2017-2018,2017-11-25,Crystal Palace,Stoke City,2,1,H,15:00,Selhurst Park,23723.0,Mike Dean
2017-2018,2017-11-25,Swansea City,Bournemouth,0,0,D,15:00,Liberty Stadium,20228.0,Stuart Attwell
2017-2018,2017-11-25,Liverpool,Chelsea,1,1,D,17:30,Anfield,53225.0,Michael Oliver
2017-2018,2017-11-26,Southampton,Everton,4,1,H,13:30,St. Mary's Stadium,30461.0,Kevin Friend
2017-2018,2017-11-26,Burnley,Arsenal,0,1,A,14:00,Turf Moor,21722.0,Lee Mason
2017-2018,2017-11-26,Huddersfield,Manchester City,1,2,A,16:00,The John Smith's Stadium,24121.0,Craig Pawson
2017-2018,2017-11-28,Brighton,Crystal Palace,0,0,D,19:45,The American Express Community Stadium,29889.0,Andre Marriner
2017-2018,2017-11-28,Leicester City,Tottenham,2,1,H,19:45,King Power Stadium,31950.0,Anthony Taylor
2017-2018,2017-11-28,Watford,Manchester Utd,2,4,A,20:00,Vicarage Road Stadium,20552.0,Jonathan Moss
2017-2018,2017-11-28,West Brom,Newcastle Utd,2,2,D,20:00,The Hawthorns,25534.0,Lee Probert
2017-2018,2017-11-29,Bournemouth,Burnley,1,2,A,19:45,Vitality Stadium,10302.0,Roger East
2017-2018,2017-11-29,Arsenal,Huddersfield,5,0,H,19:45,Emirates Stadium,59285.0,Graham Scott
2017-2018,2017-11-29,Chelsea,Swansea City,1,0,H,19:45,Stamford Bridge,41365.0,Niel Swarbrick
2017-2018,2017-11-29,Manchester City,Southampton,2,1,H,20:00,Etihad Stadium,53407.0,Paul Tierney
2017-2018,2017-11-29,Everton,West Ham,4,0,H,20:00,Goodison Park,38242.0,Michael Oliver
2017-2018,2017-11-29,Stoke City,Liverpool,0,3,A,20:00,Bet365 Stadium,29423.0,Martin Atkinson
2017-2018,2017-12-02,Chelsea,Newcastle Utd,3,1,H,12:30,Stamford Bridge,41538.0,Kevin Friend
2017-2018,2017-12-02,Everton,Huddersfield,2,0,H,15:00,Goodison Park,39167.0,Chris Kavanagh
2017-2018,2017-12-02,West Brom,Crystal Palace,0,0,D,15:00,The Hawthorns,23531.0,Michael Oliver
2017-2018,2017-12-02,Brighton,Liverpool,1,5,A,15:00,The American Express Community Stadium,30634.0,Graham Scott
2017-2018,2017-12-02,Stoke City,Swansea City,2,1,H,15:00,Bet365 Stadium,28261.0,Craig Pawson
2017-2018,2017-12-02,Leicester City,Burnley,1,0,H,15:00,King Power Stadium,30714.0,Paul Tierney
2017-2018,2017-12-02,Watford,Tottenham,1,1,D,15:00,Vicarage Road Stadium,20278.0,Martin Atkinson
2017-2018,2017-12-02,Arsenal,Manchester Utd,1,3,A,17:30,Emirates Stadium,59547.0,Andre Marriner
2017-2018,2017-12-03,Bournemouth,Southampton,1,1,D,13:30,Vitality Stadium,10764.0,Jonathan Moss
2017-2018,2017-12-03,Manchester City,West Ham,2,1,H,16:00,Etihad Stadium,54203.0,Mike Dean
2017-2018,2017-12-09,West Ham,Chelsea,1,0,H,12:30,London Stadium,56953.0,Anthony Taylor
2017-2018,2017-12-09,Tottenham,Stoke City,5,1,H,15:00,Wembley Stadium,62202.0,Roger East
2017-2018,2017-12-09,Huddersfield,Brighton,2,0,H,15:00,The John Smith's Stadium,24018.0,Stuart Attwell
2017-2018,2017-12-09,Swansea City,West Brom,1,0,H,15:00,Liberty Stadium,19580.0,Mike Dean
2017-2018,2017-12-09,Burnley,Watford,1,0,H,15:00,Turf Moor,19479.0,Lee Probert
2017-2018,2017-12-09,Crystal Palace,Bournemouth,2,2,D,15:00,Selhurst Park,24823.0,Kevin Friend
2017-2018,2017-12-09,Newcastle Utd,Leicester City,2,3,A,17:30,St. James' Park,52117.0,Niel Swarbrick
2017-2018,2017-12-10,Southampton,Arsenal,1,1,D,12:00,St. Mary's Stadium,31643.0,Robert Madley
2017-2018,2017-12-10,Liverpool,Everton,1,1,D,14:15,Anfield,53082.0,Craig Pawson
2017-2018,2017-12-10,Manchester Utd,Manchester City,1,2,A,16:30,Old Trafford,74847.0,Michael Oliver
2017-2018,2017-12-12,Burnley,Stoke City,1,0,H,19:45,Turf Moor,19909.0,Mike Jones
2017-2018,2017-12-12,Huddersfield,Chelsea,1,3,A,20:00,The John Smith's Stadium,24169.0,Andre Marriner
2017-2018,2017-12-12,Crystal Palace,Watford,2,1,H,20:00,Selhurst Park,23566.0,Lee Mason
2017-2018,2017-12-13,Newcastle Utd,Everton,0,1,A,19:45,St. James' Park,51042.0,Martin Atkinson
2017-2018,2017-12-13,Swansea City,Manchester City,0,4,A,19:45,Liberty Stadium,20870.0,Anthony Taylor
2017-2018,2017-12-13,Southampton,Leicester City,1,4,A,19:45,St. Mary's Stadium,27714.0,Chris Kavanagh
2017-2018,2017-12-13,Tottenham,Brighton,2,0,H,20:00,Wembley Stadium,46438.0,Robert Madley
2017-2018,2017-12-13,West Ham,Arsenal,0,0,D,20:00,London Stadium,56921.0,Jonathan Moss
2017-2018,2017-12-13,Liverpool,West Brom,0,0,D,20:00,Anfield,53243.0,Paul Tierney
2017-2018,2017-12-13,Manchester Utd,Bournemouth,1,0,H,20:00,Old Trafford,74798.0,Graham Scott
2017-2018,2017-12-16,Leicester City,Crystal Palace,0,3,A,12:30,King Power Stadium,31081.0,Martin Atkinson
2017-2018,2017-12-16,Arsenal,Newcastle Utd,1,0,H,15:00,Emirates Stadium,59379.0,Stuart Attwell
2017-2018,2017-12-16,Watford,Huddersfield,1,4,A,15:00,Vicarage Road Stadium,20026.0,Michael Oliver
2017-2018,2017-12-16,Chelsea,Southampton,1,0,H,15:00,Stamford Bridge,41562.0,Roger East
2017-2018,2017-12-16,Brighton,Burnley,0,0,D,15:00,The American Express Community Stadium,29921.0,Chris Kavanagh
2017-2018,2017-12-16,Stoke City,West Ham,0,3,A,16:00,Bet365 Stadium,29265.0,Graham Scott
2017-2018,2017-12-16,Manchester City,Tottenham,4,1,H,17:30,Etihad Stadium,54214.0,Craig Pawson
2017-2018,2017-12-17,West Brom,Manchester Utd,1,2,A,14:15,The Hawthorns,24782.0,Anthony Taylor
2017-2018,2017-12-17,Bournemouth,Liverpool,0,4,A,16:30,Vitality Stadium,10780.0,Andre Marriner
2017-2018,2017-12-18,Everton,Swansea City,3,1,H,20:00,Goodison Park,37580.0,Jonathan Moss
2017-2018,2017-12-22,Arsenal,Liverpool,3,3,D,19:45,Emirates Stadium,59409.0,Martin Atkinson
2017-2018,2017-12-23,Everton,Chelsea,0,0,D,12:30,Goodison Park,39191.0,Robert Madley
2017-2018,2017-12-23,Brighton,Watford,1,0,H,15:00,The American Express Community Stadium,30473.0,Paul Tierney
2017-2018,2017-12-23,Swansea City,Crystal Palace,1,1,D,15:00,Liberty Stadium,20354.0,Craig Pawson
2017-2018,2017-12-23,Manchester City,Bournemouth,4,0,H,15:00,Etihad Stadium,54270.0,Mike Jones
2017-2018,2017-12-23,Stoke City,West Brom,3,1,H,15:00,Bet365 Stadium,29057.0,Niel Swarbrick
2017-2018,2017-12-23,West Ham,Newcastle Utd,2,3,A,15:00,London Stadium,56955.0,Lee Mason
2017-2018,2017-12-23,Southampton,Huddersfield,1,1,D,15:00,St. Mary's Stadium,29675.0,Lee Probert
2017-2018,2017-12-23,Burnley,Tottenham,0,3,A,17:30,Turf Moor,21650.0,Michael Oliver
2017-2018,2017-12-23,Leicester City,Manchester Utd,2,2,D,19:45,King Power Stadium,32202.0,Jonathan Moss
2017-2018,2017-12-26,Tottenham,Southampton,5,2,H,12:30,Wembley Stadium,55412.0,Graham Scott
2017-2018,2017-12-26,Chelsea,Brighton,2,0,H,15:00,Stamford Bridge,41568.0,Mike Dean
2017-2018,2017-12-26,Huddersfield,Stoke City,1,1,D,15:00,The John Smith's Stadium,24047.0,Anthony Taylor
2017-2018,2017-12-26,Watford,Leicester City,2,1,H,15:00,Vicarage Road Stadium,20308.0,Chris Kavanagh
2017-2018,2017-12-26,Bournemouth,West Ham,3,3,D,15:00,Vitality Stadium,10596.0,Stuart Attwell
2017-2018,2017-12-26,Manchester Utd,Burnley,2,2,D,15:00,Old Trafford,75046.0,Martin Atkinson
2017-2018,2017-12-26,West Brom,Everton,0,0,D,15:00,The Hawthorns,25364.0,Roger East
2017-2018,2017-12-26,Liverpool,Swansea City,5,0,H,17:30,Anfield,52850.0,Kevin Friend
2017-2018,2017-12-27,Newcastle Utd,Manchester City,0,1,A,19:45,St. James' Park,52311.0,Andre Marriner
2017-2018,2017-12-28,Crystal Palace,Arsenal,2,3,A,20:00,Selhurst Park,25762.0,Michael Oliver
2017-2018,2017-12-30,Newcastle Utd,Brighton,0,0,D,15:00,St. James' Park,52209.0,Anthony Taylor
2017-2018,2017-12-30,Chelsea,Stoke City,5,0,H,15:00,Stamford Bridge,41433.0,Kevin Friend
2017-2018,2017-12-30,Bournemouth,Everton,2,1,H,15:00,Vitality Stadium,10497.0,Lee Probert
2017-2018,2017-12-30,Watford,Swansea City,1,2,A,15:00,Vicarage Road Stadium,20002.0,Martin Atkinson
2017-2018,2017-12-30,Huddersfield,Burnley,0,0,D,15:00,The John Smith's Stadium,24095.0,Paul Tierney
2017-2018,2017-12-30,Liverpool,Leicester City,2,1,H,15:00,Anfield,53226.0,Niel Swarbrick
2017-2018,2017-12-30,Manchester Utd,Southampton,0,0,D,17:30,Old Trafford,75051.0,Craig Pawson
2017-2018,2017-12-31,Crystal Palace,Manchester City,0,0,D,12:00,Selhurst Park,25804.0,Jonathan Moss
2017-2018,2017-12-31,West Brom,Arsenal,1,1,D,16:30,The Hawthorns,26223.0,Mike Dean
2017-2018,2018-01-01,Brighton,Bournemouth,2,2,D,12:30,The American Express Community Stadium,30152.0,Michael Oliver
2017-2018,2018-01-01,Burnley,Liverpool,1,2,A,15:00,Turf Moor,21756.0,Roger East
2017-2018,2018-01-01,Leicester City,Huddersfield,3,0,H,15:00,King Power Stadium,31748.0,Graham Scott
2017-2018,2018-01-01,Stoke City,Newcastle Utd,0,1,A,15:00,Bet365 Stadium,28471.0,Chris Kavanagh
2017-2018,2018-01-01,Everton,Manchester Utd,0,2,A,17:30,Goodison Park,39188.0,Andre Marriner
2017-2018,2018-01-02,West Ham,West Brom,2,1,H,19:45,London Stadium,56888.0,Mike Jones
2017-2018,2018-01-02,Swansea City,Tottenham,0,2,A,19:45,Liberty Stadium,20615.0,Robert Madley
2017-2018,2018-01-02,Southampton,Crystal Palace,1,2,A,19:45,St. Mary's Stadium,28411.0,Stuart Attwell
2017-2018,2018-01-02,Manchester City,Watford,3,1,H,20:00,Etihad Stadium,53556.0,Lee Mason
2017-2018,2018-01-03,Arsenal,Chelsea,2,2,D,19:45,Emirates Stadium,59379.0,Anthony Taylor
2017-2018,2018-01-04,Tottenham,West Ham,1,1,D,20:00,Wembley Stadium,50034.0,Mike Dean
2017-2018,2018-01-13,Huddersfield,West Ham,1,4,A,15:00,The John Smith's Stadium,24105.0,Jonathan Moss
2017-2018,2018-01-13,Newcastle Utd,Swansea City,1,1,D,15:00,St. James' Park,51444.0,Graham Scott
2017-2018,2018-01-13,Watford,Southampton,2,2,D,15:00,Vicarage Road Stadium,20018.0,Roger East
2017-2018,2018-01-13,Crystal Palace,Burnley,1,0,H,15:00,Selhurst Park,24696.0,Michael Oliver
2017-2018,2018-01-13,West Brom,Brighton,2,0,H,15:00,The Hawthorns,25240.0,Martin Atkinson
2017-2018,2018-01-13,Chelsea,Leicester City,0,0,D,15:00,Stamford Bridge,41552.0,Mike Jones
2017-2018,2018-01-13,Tottenham,Everton,4,0,H,17:30,Wembley Stadium,76251.0,Craig Pawson
2017-2018,2018-01-14,Bournemouth,Arsenal,2,1,H,13:30,Vitality Stadium,10836.0,Kevin Friend
2017-2018,2018-01-14,Liverpool,Manchester City,4,3,H,16:00,Anfield,53285.0,Andre Marriner
2017-2018,2018-01-15,Manchester Utd,Stoke City,3,0,H,20:00,Old Trafford,74726.0,Anthony Taylor
2017-2018,2018-01-20,Brighton,Chelsea,0,4,A,12:30,The American Express Community Stadium,30600.0,Jonathan Moss
2017-2018,2018-01-20,Burnley,Manchester Utd,0,1,A,15:00,Turf Moor,21841.0,Mike Dean
2017-2018,2018-01-20,Everton,West Brom,1,1,D,15:00,Goodison Park,39061.0,Stuart Attwell
2017-2018,2018-01-20,West Ham,Bournemouth,1,1,D,15:00,London Stadium,56948.0,Martin Atkinson
2017-2018,2018-01-20,Stoke City,Huddersfield,2,0,H,15:00,Bet365 Stadium,29785.0,Michael Oliver
2017-2018,2018-01-20,Arsenal,Crystal Palace,4,1,H,15:00,Emirates Stadium,59386.0,Chris Kavanagh
2017-2018,2018-01-20,Leicester City,Watford,2,0,H,15:00,King Power Stadium,31891.0,Lee Probert
2017-2018,2018-01-20,Manchester City,Newcastle Utd,3,1,H,17:30,Etihad Stadium,54452.0,Paul Tierney
2017-2018,2018-01-21,Southampton,Tottenham,1,1,D,16:00,St. Mary's Stadium,31361.0,Kevin Friend
2017-2018,2018-01-22,Swansea City,Liverpool,1,0,H,20:00,Liberty Stadium,20886.0,Niel Swarbrick
2017-2018,2018-01-30,West Ham,Crystal Palace,1,1,D,19:45,London Stadium,56911.0,Niel Swarbrick
2017-2018,2018-01-30,Swansea City,Arsenal,3,1,H,19:45,Liberty Stadium,20819.0,Lee Mason
2017-2018,2018-01-30,Huddersfield,Liverpool,0,3,A,20:00,The John Smith's Stadium,24121.0,Kevin Friend
2017-2018,2018-01-31,Chelsea,Bournemouth,0,3,A,19:45,Stamford Bridge,41464.0,Lee Probert
2017-2018,2018-01-31,Everton,Leicester City,2,1,H,19:45,Goodison Park,38390.0,Chris Kavanagh
2017-2018,2018-01-31,Southampton,Brighton,1,1,D,19:45,St. Mary's Stadium,30034.0,Mike Dean
2017-2018,2018-01-31,Newcastle Utd,Burnley,1,1,D,19:45,St. James' Park,50174.0,Simon Hooper
2017-2018,2018-01-31,Manchester City,West Brom,3,0,H,20:00,Etihad Stadium,53241.0,Robert Madley
2017-2018,2018-01-31,Tottenham,Manchester Utd,2,0,H,20:00,Wembley Stadium,81978.0,Andre Marriner
2017-2018,2018-01-31,Stoke City,Watford,0,0,D,20:00,Bet365 Stadium,27458.0,Jonathan Moss
2017-2018,2018-02-03,Burnley,Manchester City,1,1,D,12:30,Turf Moor,21658.0,Martin Atkinson
2017-2018,2018-02-03,Leicester City,Swansea City,1,1,D,15:00,King Power Stadium,31179.0,Anthony Taylor
2017-2018,2018-02-03,Bournemouth,Stoke City,2,1,H,15:00,Vitality Stadium,10614.0,Paul Tierney
2017-2018,2018-02-03,West Brom,Southampton,2,3,A,15:00,The Hawthorns,25911.0,Michael Oliver
2017-2018,2018-02-03,Manchester Utd,Huddersfield,2,0,H,15:00,Old Trafford,74742.0,Stuart Attwell
2017-2018,2018-02-03,Brighton,West Ham,3,1,H,15:00,The American Express Community Stadium,30589.0,Roger East
2017-2018,2018-02-03,Arsenal,Everton,5,1,H,17:30,Emirates Stadium,59306.0,Niel Swarbrick
2017-2018,2018-02-04,Crystal Palace,Newcastle Utd,1,1,D,14:15,Selhurst Park,25746.0,Andre Marriner
2017-2018,2018-02-04,Liverpool,Tottenham,2,2,D,16:30,Anfield,53213.0,Jonathan Moss
2017-2018,2018-02-05,Watford,Chelsea,4,1,H,20:00,Vicarage Road Stadium,20157.0,Mike Dean
2017-2018,2018-02-10,Tottenham,Arsenal,1,0,H,12:30,Wembley Stadium,83222.0,Anthony Taylor
2017-2018,2018-02-10,Swansea City,Burnley,1,0,H,15:00,Liberty Stadium,20179.0,Andre Marriner
2017-2018,2018-02-10,West Ham,Watford,2,0,H,15:00,London Stadium,56197.0,Graham Scott
2017-2018,2018-02-10,Stoke City,Brighton,1,1,D,15:00,Bet365 Stadium,29876.0,Robert Madley
2017-2018,2018-02-10,Everton,Crystal Palace,3,1,H,15:00,Goodison Park,39139.0,Jonathan Moss
2017-2018,2018-02-10,Manchester City,Leicester City,5,1,H,17:30,Etihad Stadium,54416.0,Mike Jones
2017-2018,2018-02-11,Huddersfield,Bournemouth,4,1,H,12:00,The John Smith's Stadium,23823.0,Michael Oliver
2017-2018,2018-02-11,Newcastle Utd,Manchester Utd,1,0,H,14:15,St. James' Park,52309.0,Craig Pawson
2017-2018,2018-02-11,Southampton,Liverpool,0,2,A,16:30,St. Mary's Stadium,31915.0,Martin Atkinson
2017-2018,2018-02-12,Chelsea,West Brom,3,0,H,20:00,Stamford Bridge,41071.0,Lee Mason
2017-2018,2018-02-24,Leicester City,Stoke City,1,1,D,12:30,King Power Stadium,31769.0,Michael Oliver
2017-2018,2018-02-24,Bournemouth,Newcastle Utd,2,2,D,15:00,Vitality Stadium,10808.0,Roger East
2017-2018,2018-02-24,Burnley,Southampton,1,1,D,15:00,Turf Moor,20982.0,Robert Madley
2017-2018,2018-02-24,West Brom,Huddersfield,1,2,A,15:00,The Hawthorns,25920.0,Jonathan Moss
2017-2018,2018-02-24,Liverpool,West Ham,4,1,H,15:00,Anfield,53256.0,Stuart Attwell
2017-2018,2018-02-24,Brighton,Swansea City,4,1,H,15:00,The American Express Community Stadium,30523.0,Mike Dean
2017-2018,2018-02-24,Watford,Everton,1,0,H,17:30,Vicarage Road Stadium,20430.0,Anthony Taylor
2017-2018,2018-02-25,Crystal Palace,Tottenham,0,1,A,12:00,Selhurst Park,25287.0,Kevin Friend
2017-2018,2018-02-25,Manchester Utd,Chelsea,2,1,H,14:05,Old Trafford,75060.0,Martin Atkinson
2017-2018,2018-03-01,Arsenal,Manchester City,0,3,A,19:45,Emirates Stadium,58420.0,Andre Marriner
2017-2018,2018-03-03,Burnley,Everton,2,1,H,12:30,Turf Moor,20802.0,Chris Kavanagh
2017-2018,2018-03-03,Tottenham,Huddersfield,2,0,H,15:00,Wembley Stadium,68311.0,Kevin Friend
2017-2018,2018-03-03,Watford,West Brom,1,0,H,15:00,Vicarage Road Stadium,20022.0,Paul Tierney
2017-2018,2018-03-03,Leicester City,Bournemouth,1,1,D,15:00,King Power Stadium,31384.0,Lee Probert
2017-2018,2018-03-03,Southampton,Stoke City,0,0,D,15:00,St. Mary's Stadium,30335.0,Anthony Taylor
2017-2018,2018-03-03,Swansea City,West Ham,4,1,H,15:00,Liberty Stadium,20829.0,Martin Atkinson
2017-2018,2018-03-03,Liverpool,Newcastle Utd,2,0,H,17:30,Anfield,53287.0,Graham Scott
2017-2018,2018-03-04,Brighton,Arsenal,2,1,H,13:30,The American Express Community Stadium,30620.0,Stuart Attwell
2017-2018,2018-03-04,Manchester City,Chelsea,1,0,H,16:00,Etihad Stadium,54328.0,Michael Oliver
2017-2018,2018-03-05,Crystal Palace,Manchester Utd,2,3,A,20:00,Selhurst Park,25840.0,Niel Swarbrick
2017-2018,2018-03-10,Manchester Utd,Liverpool,2,1,H,12:30,Old Trafford,74855.0,Craig Pawson
2017-2018,2018-03-10,West Ham,Burnley,0,3,A,15:00,London Stadium,56904.0,Lee Mason
2017-2018,2018-03-10,Huddersfield,Swansea City,0,0,D,15:00,The John Smith's Stadium,23567.0,Michael Oliver
2017-2018,2018-03-10,Newcastle Utd,Southampton,3,0,H,15:00,St. James' Park,52246.0,Andre Marriner
2017-2018,2018-03-10,Everton,Brighton,2,0,H,15:00,Goodison Park,39199.0,Roger East
2017-2018,2018-03-10,West Brom,Leicester City,1,4,A,15:00,The Hawthorns,23558.0,Robert Madley
2017-2018,2018-03-10,Chelsea,Crystal Palace,2,1,H,17:30,Stamford Bridge,40800.0,Anthony Taylor
2017-2018,2018-03-11,Arsenal,Watford,3,0,H,13:30,Emirates Stadium,59131.0,Martin Atkinson
2017-2018,2018-03-11,Bournemouth,Tottenham,1,4,A,16:00,Vitality Stadium,10623.0,Mike Dean
2017-2018,2018-03-12,Stoke City,Manchester City,0,2,A,20:00,Bet365 Stadium,29138.0,Jonathan Moss
2017-2018,2018-03-17,Stoke City,Everton,1,2,A,15:00,Bet365 Stadium,30022.0,Martin Atkinson
2017-2018,2018-03-17,Bournemouth,West Brom,2,1,H,15:00,Vitality Stadium,10242.0,Graham Scott
2017-2018,2018-03-17,Huddersfield,Crystal Palace,0,2,A,15:00,The John Smith's Stadium,23918.0,Mike Dean
2017-2018,2018-03-17,Liverpool,Watford,5,0,H,17:30,Anfield,53287.0,Anthony Taylor
2017-2018,2018-03-31,Crystal Palace,Liverpool,1,2,A,12:30,Selhurst Park,25807.0,Niel Swarbrick
2017-2018,2018-03-31,West Ham,Southampton,3,0,H,15:00,London Stadium,56882.0,Jonathan Moss
2017-2018,2018-03-31,Watford,Bournemouth,2,2,D,15:00,Vicarage Road Stadium,20393.0,Andy Madley
2017-2018,2018-03-31,West Brom,Burnley,1,2,A,15:00,The Hawthorns,23455.0,Lee Probert
2017-2018,2018-03-31,Brighton,Leicester City,0,2,A,15:00,The American Express Community Stadium,30629.0,Chris Kavanagh
2017-2018,2018-03-31,Manchester Utd,Swansea City,2,0,H,15:00,Old Trafford,75038.0,Robert Madley
2017-2018,2018-03-31,Newcastle Utd,Huddersfield,1,0,H,15:00,St. James' Park,52261.0,Martin Atkinson
2017-2018,2018-03-31,Everton,Manchester City,1,3,A,17:30,Goodison Park,39221.0,Paul Tierney
2017-2018,2018-04-01,Arsenal,Stoke City,3,0,H,13:30,Emirates Stadium,59371.0,Craig Pawson
2017-2018,2018-04-01,Chelsea,Tottenham,1,3,A,16:00,Stamford Bridge,41364.0,Andre Marriner
2017-2018,2018-04-07,Everton,Liverpool,0,0,D,12:30,Goodison Park,39220.0,Michael Oliver
2017-2018,2018-04-07,Brighton,Huddersfield,1,1,D,15:00,The American Express Community Stadium,30501.0,Anthony Taylor
2017-2018,2018-04-07,Leicester City,Newcastle Utd,1,2,A,15:00,King Power Stadium,32066.0,Stuart Attwell
2017-2018,2018-04-07,Watford,Burnley,1,2,A,15:00,Vicarage Road Stadium,20044.0,Paul Tierney
2017-2018,2018-04-07,Bournemouth,Crystal Palace,2,2,D,15:00,Vitality Stadium,10730.0,Jonathan Moss
2017-2018,2018-04-07,West Brom,Swansea City,1,1,D,15:00,The Hawthorns,23297.0,Roger East
2017-2018,2018-04-07,Stoke City,Tottenham,1,2,A,15:00,Bet365 Stadium,29515.0,Graham Scott
2017-2018,2018-04-07,Manchester City,Manchester Utd,2,3,A,17:30,Etihad Stadium,54259.0,Martin Atkinson
2017-2018,2018-04-08,Arsenal,Southampton,3,2,H,14:15,Emirates Stadium,59374.0,Andre Marriner
2017-2018,2018-04-08,Chelsea,West Ham,1,1,D,16:30,Stamford Bridge,41324.0,Kevin Friend
2017-2018,2018-04-14,Southampton,Chelsea,2,3,A,12:30,St. Mary's Stadium,31764.0,Mike Dean
2017-2018,2018-04-14,Crystal Palace,Brighton,3,2,H,15:00,Selhurst Park,24656.0,Andre Marriner
2017-2018,2018-04-14,Burnley,Leicester City,2,1,H,15:00,Turf Moor,21727.0,Martin Atkinson
2017-2018,2018-04-14,Huddersfield,Watford,1,0,H,15:00,The John Smith's Stadium,23961.0,Craig Pawson
2017-2018,2018-04-14,Swansea City,Everton,1,1,D,15:00,Liberty Stadium,20933.0,Lee Mason
2017-2018,2018-04-14,Liverpool,Bournemouth,3,0,H,17:30,Anfield,52959.0,Chris Kavanagh
2017-2018,2018-04-14,Tottenham,Manchester City,1,3,A,19:45,Wembley Stadium,80811.0,Jonathan Moss
2017-2018,2018-04-15,Newcastle Utd,Arsenal,2,1,H,13:30,St. James' Park,52210.0,Anthony Taylor
2017-2018,2018-04-15,Manchester Utd,West Brom,0,1,A,16:00,Old Trafford,75095.0,Paul Tierney
2017-2018,2018-04-16,West Ham,Stoke City,1,1,D,20:00,London Stadium,56795.0,Michael Oliver
2017-2018,2018-04-17,Brighton,Tottenham,1,1,D,19:45,The American Express Community Stadium,30440.0,Kevin Friend
2017-2018,2018-04-18,Bournemouth,Manchester Utd,0,2,A,19:45,Vitality Stadium,10952.0,Graham Scott
2017-2018,2018-04-19,Burnley,Chelsea,1,2,A,19:45,Turf Moor,21264.0,Robert Madley
2017-2018,2018-04-19,Leicester City,Southampton,0,0,D,19:45,King Power Stadium,31160.0,Roger East
2017-2018,2018-04-21,West Brom,Liverpool,2,2,D,12:30,The Hawthorns,24520.0,Stuart Attwell
2017-2018,2018-04-21,Watford,Crystal Palace,0,0,D,15:00,Vicarage Road Stadium,20401.0,Chris Kavanagh
2017-2018,2018-04-22,Stoke City,Burnley,1,1,D,13:30,Bet365 Stadium,29532.0,Mike Dean
2017-2018,2018-04-22,Arsenal,West Ham,4,1,H,13:30,Emirates Stadium,59422.0,Lee Mason
2017-2018,2018-04-22,Manchester City,Swansea City,5,0,H,16:30,Etihad Stadium,54387.0,Craig Pawson
2017-2018,2018-04-23,Everton,Newcastle Utd,1,0,H,20:00,Goodison Park,39061.0,Robert Madley
2017-2018,2018-04-28,Liverpool,Stoke City,0,0,D,12:30,Anfield,53255.0,Andre Marriner
2017-2018,2018-04-28,Newcastle Utd,West Brom,0,1,A,15:00,St. James' Park,52283.0,David Coote
2017-2018,2018-04-28,Huddersfield,Everton,0,2,A,15:00,The John Smith's Stadium,24121.0,Lee Probert
2017-2018,2018-04-28,Southampton,Bournemouth,2,1,H,15:00,St. Mary's Stadium,31778.0,Anthony Taylor
2017-2018,2018-04-28,Burnley,Brighton,0,0,D,15:00,Turf Moor,19459.0,Roger East
2017-2018,2018-04-28,Crystal Palace,Leicester City,5,0,H,15:00,Selhurst Park,25750.0,Mike Dean
2017-2018,2018-04-28,Swansea City,Chelsea,0,1,A,17:30,Liberty Stadium,20900.0,Jonathan Moss
2017-2018,2018-04-29,West Ham,Manchester City,1,4,A,14:15,London Stadium,56904.0,Niel Swarbrick
2017-2018,2018-04-29,Manchester Utd,Arsenal,2,1,H,16:30,Old Trafford,75035.0,Kevin Friend
2017-2018,2018-04-30,Tottenham,Watford,2,0,H,20:00,Wembley Stadium,52675.0,Michael Oliver
2017-2018,2018-05-04,Brighton,Manchester Utd,1,0,H,20:00,The American Express Community Stadium,30611.0,Craig Pawson
2017-2018,2018-05-05,Stoke City,Crystal Palace,1,2,A,12:30,Bet365 Stadium,29687.0,Martin Atkinson
2017-2018,2018-05-05,Watford,Newcastle Utd,2,1,H,15:00,Vicarage Road Stadium,20375.0,Roger East
2017-2018,2018-05-05,Leicester City,West Ham,0,2,A,15:00,King Power Stadium,32013.0,Chris Kavanagh
2017-2018,2018-05-05,West Brom,Tottenham,1,0,H,15:00,The Hawthorns,23685.0,Mike Jones
2017-2018,2018-05-05,Bournemouth,Swansea City,1,0,H,15:00,Vitality Stadium,10820.0,Kevin Friend
2017-2018,2018-05-05,Everton,Southampton,1,1,D,17:30,Goodison Park,38225.0,Jonathan Moss
2017-2018,2018-05-06,Manchester City,Huddersfield,0,0,D,13:30,Etihad Stadium,54350.0,Mike Dean
2017-2018,2018-05-06,Chelsea,Liverpool,1,0,H,16:30,Stamford Bridge,41314.0,Anthony Taylor
2017-2018,2018-05-06,Arsenal,Burnley,5,0,H,16:30,Emirates Stadium,59540.0,Andre Marriner
2017-2018,2018-05-08,Swansea City,Southampton,0,1,A,19:45,Liberty Stadium,20858.0,Michael Oliver
2017-2018,2018-05-09,Leicester City,Arsenal,3,1,H,19:45,King Power Stadium,32095.0,Graham Scott
2017-2018,2018-05-09,Chelsea,Huddersfield,1,1,D,19:45,Stamford Bridge,38910.0,Lee Mason
2017-2018,2018-05-09,Manchester City,Brighton,3,1,H,20:00,Etihad Stadium,54013.0,Paul Tierney
2017-2018,2018-05-09,Tottenham,Newcastle Utd,1,0,H,20:00,Wembley Stadium,54923.0,Niel Swarbrick
2017-2018,2018-05-10,West Ham,Manchester Utd,0,0,D,19:45,London Stadium,56902.0,Jonathan Moss
2017-2018,2018-05-13,Swansea City,Stoke City,1,2,A,15:00,Liberty Stadium,20673.0,Anthony Taylor
2017-2018,2018-05-13,Newcastle Utd,Chelsea,3,0,H,15:00,St. James' Park,52294.0,Martin Atkinson
2017-2018,2018-05-13,Manchester Utd,Watford,1,0,H,15:00,Old Trafford,75049.0,Lee Mason
2017-2018,2018-05-13,Liverpool,Brighton,4,0,H,15:00,Anfield,50752.0,Kevin Friend
2017-2018,2018-05-13,Tottenham,Leicester City,5,4,H,15:00,Wembley Stadium,77841.0,Craig Pawson
2017-2018,2018-05-13,Crystal Palace,West Brom,2,0,H,15:00,Selhurst Park,25357.0,Jonathan Moss
2017-2018,2018-05-13,Huddersfield,Arsenal,0,1,A,15:00,The John Smith's Stadium,24122.0,Michael Oliver
2017-2018,2018-05-13,Southampton,Manchester City,0,1,A,15:00,St. Mary's Stadium,31882.0,Andre Marriner
2017-2018,2018-05-13,West Ham,Everton,3,1,H,15:00,London Stadium,56926.0,Graham Scott
2017-2018,2018-05-13,Burnley,Bournemouth,1,2,A,15:00,Turf Moor,20720.0,Paul Tierney
2018-2019,2018-08-10,Manchester Utd,Leicester City,2,1,H,20:00,Old Trafford,74439.0,Andre Marriner
2018-2019,2018-08-11,Newcastle Utd,Tottenham,1,2,A,12:30,St. James' Park,51749.0,Martin Atkinson
2018-2019,2018-08-11,Fulham,Crystal Palace,0,2,A,15:00,Craven Cottage,24821.0,Mike Dean
2018-2019,2018-08-11,Bournemouth,Cardiff City,2,0,H,15:00,Vitality Stadium,10353.0,Kevin Friend
2018-2019,2018-08-11,Huddersfield,Chelsea,0,3,A,15:00,The John Smith's Stadium,24121.0,Chris Kavanagh
2018-2019,2018-08-11,Watford,Brighton,2,0,H,15:00,Vicarage Road Stadium,20051.0,Jonathan Moss
2018-2019,2018-08-11,Wolves,Everton,2,2,D,17:30,Molineux Stadium,31231.0,Craig Pawson
2018-2019,2018-08-12,Southampton,Burnley,0,0,D,13:30,St. Mary's Stadium,30784.0,Graham Scott
2018-2019,2018-08-12,Liverpool,West Ham,4,0,H,13:30,Anfield,53235.0,Anthony Taylor
2018-2019,2018-08-12,Arsenal,Manchester City,0,2,A,16:00,Emirates Stadium,59934.0,Michael Oliver
2018-2019,2018-08-18,Cardiff City,Newcastle Utd,0,0,D,12:30,Cardiff City Stadium,30720.0,Craig Pawson
2018-2019,2018-08-18,West Ham,Bournemouth,1,2,A,15:00,London Stadium,56888.0,Stuart Attwell
2018-2019,2018-08-18,Everton,Southampton,2,1,H,15:00,Goodison Park,38601.0,Lee Mason
2018-2019,2018-08-18,Tottenham,Fulham,3,1,H,15:00,Wembley Stadium,58297.0,Anthony Taylor
2018-2019,2018-08-18,Leicester City,Wolves,2,0,H,15:00,King Power Stadium,32043.0,Mike Dean
2018-2019,2018-08-18,Chelsea,Arsenal,3,2,H,17:30,Stamford Bridge,40491.0,Martin Atkinson
2018-2019,2018-08-19,Manchester City,Huddersfield,6,1,H,13:30,Etihad Stadium,54021.0,Andre Marriner
2018-2019,2018-08-19,Burnley,Watford,1,3,A,13:30,Turf Moor,18822.0,Paul Tierney
2018-2019,2018-08-19,Brighton,Manchester Utd,3,2,H,16:00,The American Express Community Stadium,30592.0,Kevin Friend
2018-2019,2018-08-20,Crystal Palace,Liverpool,0,2,A,20:00,Selhurst Park,25750.0,Michael Oliver
2018-2019,2018-08-25,Wolves,Manchester City,1,1,D,12:30,Molineux Stadium,31322.0,Martin Atkinson
2018-2019,2018-08-25,Arsenal,West Ham,3,1,H,15:00,Emirates Stadium,59830.0,Graham Scott
2018-2019,2018-08-25,Huddersfield,Cardiff City,0,0,D,15:00,The John Smith's Stadium,21193.0,Michael Oliver
2018-2019,2018-08-25,Southampton,Leicester City,1,2,A,15:00,St. Mary's Stadium,29925.0,Jonathan Moss
2018-2019,2018-08-25,Bournemouth,Everton,2,2,D,15:00,Vitality Stadium,10654.0,Lee Probert
2018-2019,2018-08-25,Liverpool,Brighton,1,0,H,17:30,Anfield,53294.0,Chris Kavanagh
2018-2019,2018-08-26,Watford,Crystal Palace,2,1,H,13:30,Vicarage Road Stadium,20014.0,Anthony Taylor
2018-2019,2018-08-26,Newcastle Utd,Chelsea,1,2,A,16:00,St. James' Park,51791.0,Paul Tierney
2018-2019,2018-08-26,Fulham,Burnley,4,2,H,16:00,Craven Cottage,23438.0,David Coote
2018-2019,2018-08-27,Manchester Utd,Tottenham,0,3,A,20:00,Old Trafford,74400.0,Craig Pawson
2018-2019,2018-09-01,Leicester City,Liverpool,1,2,A,12:30,King Power Stadium,32149.0,Paul Tierney
2018-2019,2018-09-01,Crystal Palace,Southampton,0,2,A,15:00,Selhurst Park,25495.0,Martin Atkinson
2018-2019,2018-09-01,West Ham,Wolves,0,1,A,15:00,London Stadium,56947.0,Chris Kavanagh
2018-2019,2018-09-01,Brighton,Fulham,2,2,D,15:00,The American Express Community Stadium,30526.0,Lee Probert
2018-2019,2018-09-01,Everton,Huddersfield,1,1,D,15:00,Goodison Park,38767.0,Stuart Attwell
2018-2019,2018-09-01,Chelsea,Bournemouth,2,0,H,15:00,Stamford Bridge,40178.0,Lee Mason
2018-2019,2018-09-01,Manchester City,Newcastle Utd,2,1,H,17:30,Etihad Stadium,53946.0,Kevin Friend
2018-2019,2018-09-02,Cardiff City,Arsenal,2,3,A,13:30,Cardiff City Stadium,32316.0,Anthony Taylor
2018-2019,2018-09-02,Burnley,Manchester Utd,0,2,A,16:00,Turf Moor,21525.0,Jonathan Moss
2018-2019,2018-09-02,Watford,Tottenham,2,1,H,16:00,Vicarage Road Stadium,20141.0,Andre Marriner
2018-2019,2018-09-15,Tottenham,Liverpool,1,2,A,12:30,Wembley Stadium,80188.0,Michael Oliver
2018-2019,2018-09-15,Bournemouth,Leicester City,4,2,H,15:00,Vitality Stadium,10543.0,Craig Pawson
2018-2019,2018-09-15,Manchester City,Fulham,3,0,H,15:00,Etihad Stadium,53307.0,Stuart Attwell
2018-2019,2018-09-15,Chelsea,Cardiff City,4,1,H,15:00,Stamford Bridge,40499.0,Jonathan Moss
2018-2019,2018-09-15,Newcastle Utd,Arsenal,1,2,A,15:00,St. James' Park,52165.0,Lee Probert
2018-2019,2018-09-15,Huddersfield,Crystal Palace,0,1,A,15:00,The John Smith's Stadium,23696.0,Lee Mason
2018-2019,2018-09-15,Watford,Manchester Utd,1,2,A,17:30,Vicarage Road Stadium,20537.0,Mike Dean
2018-2019,2018-09-16,Wolves,Burnley,1,0,H,13:30,Molineux Stadium,30406.0,Andre Marriner
2018-2019,2018-09-16,Everton,West Ham,1,3,A,16:00,Goodison Park,39161.0,Martin Atkinson
2018-2019,2018-09-17,Southampton,Brighton,2,2,D,20:00,St. Mary's Stadium,28811.0,Anthony Taylor
2018-2019,2018-09-22,Fulham,Watford,1,1,D,12:30,Craven Cottage,23418.0,Martin Atkinson
2018-2019,2018-09-22,Burnley,Bournemouth,4,0,H,15:00,Turf Moor,18636.0,Anthony Taylor
2018-2019,2018-09-22,Leicester City,Huddersfield,3,1,H,15:00,King Power Stadium,31676.0,David Coote
2018-2019,2018-09-22,Manchester Utd,Wolves,1,1,D,15:00,Old Trafford,74489.0,Kevin Friend
2018-2019,2018-09-22,Crystal Palace,Newcastle Utd,0,0,D,15:00,Selhurst Park,25679.0,Andre Marriner
2018-2019,2018-09-22,Cardiff City,Manchester City,0,5,A,15:00,Cardiff City Stadium,32321.0,Michael Oliver
2018-2019,2018-09-22,Liverpool,Southampton,3,0,H,15:00,Anfield,50965.0,Paul Tierney
2018-2019,2018-09-22,Brighton,Tottenham,1,2,A,17:30,The American Express Community Stadium,30531.0,Chris Kavanagh
2018-2019,2018-09-23,West Ham,Chelsea,0,0,D,13:30,London Stadium,56875.0,Mike Dean
2018-2019,2018-09-23,Arsenal,Everton,2,0,H,16:00,Emirates Stadium,59964.0,Jonathan Moss
2018-2019,2018-09-29,West Ham,Manchester Utd,3,1,H,12:30,London Stadium,56938.0,Michael Oliver
2018-2019,2018-09-29,Newcastle Utd,Leicester City,0,2,A,15:00,St. James' Park,51523.0,Simon Hooper
2018-2019,2018-09-29,Wolves,Southampton,2,0,H,15:00,Molineux Stadium,31147.0,Stuart Attwell
2018-2019,2018-09-29,Everton,Fulham,3,0,H,15:00,Goodison Park,38788.0,Roger East
2018-2019,2018-09-29,Manchester City,Brighton,2,0,H,15:00,Etihad Stadium,54152.0,Lee Mason
2018-2019,2018-09-29,Huddersfield,Tottenham,0,2,A,15:00,The John Smith's Stadium,23885.0,Craig Pawson
2018-2019,2018-09-29,Arsenal,Watford,2,0,H,15:00,Emirates Stadium,60019.0,Anthony Taylor
2018-2019,2018-09-29,Chelsea,Liverpool,1,1,D,17:30,Stamford Bridge,40625.0,Andre Marriner
2018-2019,2018-09-30,Cardiff City,Burnley,1,2,A,16:00,Cardiff City Stadium,30411.0,Martin Atkinson
2018-2019,2018-10-01,Bournemouth,Crystal Palace,2,1,H,20:00,Vitality Stadium,10199.0,Mike Dean
2018-2019,2018-10-05,Brighton,West Ham,1,0,H,20:00,The American Express Community Stadium,30544.0,Kevin Friend
2018-2019,2018-10-06,Burnley,Huddersfield,1,1,D,15:00,Turf Moor,20533.0,Chris Kavanagh
2018-2019,2018-10-06,Watford,Bournemouth,0,4,A,15:00,Vicarage Road Stadium,20139.0,Jonathan Moss
2018-2019,2018-10-06,Tottenham,Cardiff City,1,0,H,15:00,Wembley Stadium,43268.0,Mike Dean
2018-2019,2018-10-06,Crystal Palace,Wolves,0,1,A,15:00,Selhurst Park,25715.0,Michael Oliver
2018-2019,2018-10-06,Leicester City,Everton,1,2,A,15:00,King Power Stadium,32007.0,Andre Marriner
2018-2019,2018-10-06,Manchester Utd,Newcastle Utd,3,2,H,17:30,Old Trafford,74519.0,Anthony Taylor
2018-2019,2018-10-07,Fulham,Arsenal,1,5,A,12:00,Craven Cottage,25401.0,Paul Tierney
2018-2019,2018-10-07,Southampton,Chelsea,0,3,A,14:15,St. Mary's Stadium,27077.0,Craig Pawson
2018-2019,2018-10-07,Liverpool,Manchester City,0,0,D,16:30,Anfield,52117.0,Martin Atkinson
2018-2019,2018-10-20,Chelsea,Manchester Utd,2,2,D,12:30,Stamford Bridge,40721.0,Mike Dean
2018-2019,2018-10-20,Manchester City,Burnley,5,0,H,15:00,Etihad Stadium,54094.0,Jonathan Moss
2018-2019,2018-10-20,Cardiff City,Fulham,4,2,H,15:00,Cardiff City Stadium,29681.0,Kevin Friend
2018-2019,2018-10-20,Bournemouth,Southampton,0,0,D,15:00,Vitality Stadium,10986.0,Lee Probert
2018-2019,2018-10-20,Newcastle Utd,Brighton,0,1,A,15:00,St. James' Park,50329.0,Andre Marriner
2018-2019,2018-10-20,Wolves,Watford,0,2,A,15:00,Molineux Stadium,31144.0,Lee Mason
2018-2019,2018-10-20,West Ham,Tottenham,0,1,A,15:00,London Stadium,56921.0,Martin Atkinson
2018-2019,2018-10-20,Huddersfield,Liverpool,0,1,A,17:30,The John Smith's Stadium,24263.0,Michael Oliver
2018-2019,2018-10-21,Everton,Crystal Palace,2,0,H,16:00,Goodison Park,38668.0,Anthony Taylor
2018-2019,2018-10-22,Arsenal,Leicester City,3,1,H,20:00,Emirates Stadium,59886.0,Chris Kavanagh
2018-2019,2018-10-27,Southampton,Newcastle Utd,0,0,D,15:00,St. Mary's Stadium,30736.0,Chris Kavanagh
2018-2019,2018-10-27,Liverpool,Cardiff City,4,1,H,15:00,Anfield,53373.0,Stuart Attwell
2018-2019,2018-10-27,Brighton,Wolves,1,0,H,15:00,The American Express Community Stadium,30654.0,Anthony Taylor
2018-2019,2018-10-27,Fulham,Bournemouth,0,3,A,15:00,Craven Cottage,25071.0,Andre Marriner
2018-2019,2018-10-27,Watford,Huddersfield,3,0,H,15:00,Vicarage Road Stadium,20457.0,Mike Dean
2018-2019,2018-10-27,Leicester City,West Ham,1,1,D,17:30,King Power Stadium,31848.0,Michael Oliver
2018-2019,2018-10-28,Crystal Palace,Arsenal,2,2,D,13:30,Selhurst Park,25718.0,Martin Atkinson
2018-2019,2018-10-28,Burnley,Chelsea,0,4,A,13:30,Turf Moor,21430.0,Craig Pawson
2018-2019,2018-10-28,Manchester Utd,Everton,2,1,H,16:00,Old Trafford,74525.0,Jonathan Moss
2018-2019,2018-10-29,Tottenham,Manchester City,0,1,A,20:00,Wembley Stadium,56854.0,Kevin Friend
2018-2019,2018-11-03,Bournemouth,Manchester Utd,1,2,A,12:30,Vitality Stadium,10792.0,Paul Tierney
2018-2019,2018-11-03,Everton,Brighton,3,1,H,15:00,Goodison Park,38966.0,David Coote
2018-2019,2018-11-03,Cardiff City,Leicester City,0,1,A,15:00,Cardiff City Stadium,30877.0,Lee Probert
2018-2019,2018-11-03,Newcastle Utd,Watford,1,0,H,15:00,St. James' Park,49157.0,Craig Pawson
2018-2019,2018-11-03,West Ham,Burnley,4,2,H,15:00,London Stadium,56862.0,Roger East
2018-2019,2018-11-03,Arsenal,Liverpool,1,1,D,17:30,Emirates Stadium,59993.0,Andre Marriner
2018-2019,2018-11-03,Wolves,Tottenham,2,3,A,19:45,Molineux Stadium,31185.0,Mike Dean
2018-2019,2018-11-04,Manchester City,Southampton,6,1,H,15:00,Etihad Stadium,53916.0,Lee Mason
2018-2019,2018-11-04,Chelsea,Crystal Palace,3,1,H,16:00,Stamford Bridge,40407.0,Michael Oliver
2018-2019,2018-11-05,Huddersfield,Fulham,1,0,H,20:00,The John Smith's Stadium,17082.0,Anthony Taylor
2018-2019,2018-11-10,Cardiff City,Brighton,2,1,H,12:30,Cardiff City Stadium,29402.0,Martin Atkinson
2018-2019,2018-11-10,Huddersfield,West Ham,1,1,D,15:00,The John Smith's Stadium,24069.0,Chris Kavanagh
2018-2019,2018-11-10,Southampton,Watford,1,1,D,15:00,St. Mary's Stadium,28153.0,Simon Hooper
2018-2019,2018-11-10,Leicester City,Burnley,0,0,D,15:00,King Power Stadium,32184.0,Mike Dean
2018-2019,2018-11-10,Newcastle Utd,Bournemouth,2,1,H,15:00,St. James' Park,49266.0,Lee Probert
2018-2019,2018-11-10,Crystal Palace,Tottenham,0,1,A,17:30,Selhurst Park,25685.0,Jonathan Moss
2018-2019,2018-11-11,Liverpool,Fulham,2,0,H,12:00,Anfield,53128.0,Paul Tierney
2018-2019,2018-11-11,Chelsea,Everton,0,0,D,14:15,Stamford Bridge,40345.0,Kevin Friend
2018-2019,2018-11-11,Arsenal,Wolves,1,1,D,16:30,Emirates Stadium,60030.0,Stuart Attwell
2018-2019,2018-11-11,Manchester City,Manchester Utd,3,1,H,16:30,Etihad Stadium,54316.0,Anthony Taylor
2018-2019,2018-11-24,Everton,Cardiff City,1,0,H,15:00,Goodison Park,39139.0,Paul Tierney
2018-2019,2018-11-24,Manchester Utd,Crystal Palace,0,0,D,15:00,Old Trafford,74516.0,Lee Mason
2018-2019,2018-11-24,Fulham,Southampton,3,2,H,15:00,Craven Cottage,24603.0,Michael Oliver
2018-2019,2018-11-24,West Ham,Manchester City,0,4,A,15:00,London Stadium,56886.0,Andre Marriner
2018-2019,2018-11-24,Brighton,Leicester City,1,1,D,15:00,The American Express Community Stadium,30553.0,Chris Kavanagh
2018-2019,2018-11-24,Watford,Liverpool,0,3,A,15:00,Vicarage Road Stadium,20540.0,Jonathan Moss
2018-2019,2018-11-24,Tottenham,Chelsea,3,1,H,17:30,Wembley Stadium,55465.0,Martin Atkinson
2018-2019,2018-11-25,Bournemouth,Arsenal,1,2,A,13:30,Vitality Stadium,10792.0,Craig Pawson
2018-2019,2018-11-25,Wolves,Huddersfield,0,2,A,16:00,Molineux Stadium,30130.0,Kevin Friend
2018-2019,2018-11-26,Burnley,Newcastle Utd,1,2,A,20:30,Turf Moor,20628.0,Anthony Taylor
2018-2019,2018-11-30,Cardiff City,Wolves,2,1,H,20:00,Cardiff City Stadium,30213.0,Andre Marriner
2018-2019,2018-12-01,Leicester City,Watford,2,0,H,15:00,King Power Stadium,31353.0,Graham Scott
2018-2019,2018-12-01,Crystal Palace,Burnley,2,0,H,15:00,Selhurst Park,25098.0,Lee Probert
2018-2019,2018-12-01,Huddersfield,Brighton,1,2,A,15:00,The John Smith's Stadium,22973.0,Michael Oliver
2018-2019,2018-12-01,Newcastle Utd,West Ham,0,3,A,15:00,St. James' Park,51853.0,Paul Tierney
2018-2019,2018-12-01,Manchester City,Bournemouth,3,1,H,15:00,Etihad Stadium,54409.0,Stuart Attwell
2018-2019,2018-12-01,Southampton,Manchester Utd,2,2,D,17:30,St. Mary's Stadium,30187.0,Kevin Friend
2018-2019,2018-12-02,Chelsea,Fulham,2,0,H,12:00,Stamford Bridge,40551.0,Craig Pawson
2018-2019,2018-12-02,Arsenal,Tottenham,4,2,H,14:05,Emirates Stadium,59973.0,Mike Dean
2018-2019,2018-12-02,Liverpool,Everton,1,0,H,16:15,Anfield,51756.0,Chris Kavanagh
2018-2019,2018-12-04,Bournemouth,Huddersfield,2,1,H,19:45,Vitality Stadium,9980.0,Roger East
2018-2019,2018-12-04,West Ham,Cardiff City,3,1,H,19:45,London Stadium,56811.0,Graham Scott
2018-2019,2018-12-04,Brighton,Crystal Palace,3,1,H,19:45,The American Express Community Stadium,29663.0,Kevin Friend
2018-2019,2018-12-04,Watford,Manchester City,1,2,A,20:00,Vicarage Road Stadium,20389.0,Paul Tierney
2018-2019,2018-12-05,Wolves,Chelsea,2,1,H,19:45,Molineux Stadium,31300.0,Jonathan Moss
2018-2019,2018-12-05,Everton,Newcastle Utd,1,1,D,19:45,Goodison Park,39350.0,Lee Mason
2018-2019,2018-12-05,Burnley,Liverpool,1,3,A,19:45,Turf Moor,21741.0,Stuart Attwell
2018-2019,2018-12-05,Fulham,Leicester City,1,1,D,19:45,Craven Cottage,22881.0,David Coote
2018-2019,2018-12-05,Manchester Utd,Arsenal,2,2,D,20:00,Old Trafford,74507.0,Andre Marriner
2018-2019,2018-12-05,Tottenham,Southampton,3,1,H,20:00,Wembley Stadium,33012.0,Anthony Taylor
2018-2019,2018-12-08,Bournemouth,Liverpool,0,4,A,12:30,Vitality Stadium,10752.0,Lee Mason
2018-2019,2018-12-08,Burnley,Brighton,1,0,H,15:00,Turf Moor,18497.0,Martin Atkinson
2018-2019,2018-12-08,Cardiff City,Southampton,1,0,H,15:00,Cardiff City Stadium,30067.0,Jonathan Moss
2018-2019,2018-12-08,Manchester Utd,Fulham,4,1,H,15:00,Old Trafford,74523.0,Lee Probert
2018-2019,2018-12-08,Arsenal,Huddersfield,1,0,H,15:00,Emirates Stadium,59893.0,Paul Tierney
2018-2019,2018-12-08,West Ham,Crystal Palace,3,2,H,15:00,London Stadium,56995.0,Anthony Taylor
2018-2019,2018-12-08,Chelsea,Manchester City,2,0,H,17:30,Stamford Bridge,40571.0,Michael Oliver
2018-2019,2018-12-08,Leicester City,Tottenham,0,2,A,19:45,King Power Stadium,31957.0,Craig Pawson
2018-2019,2018-12-09,Newcastle Utd,Wolves,1,2,A,16:00,St. James' Park,50223.0,Mike Dean
2018-2019,2018-12-10,Everton,Watford,2,2,D,20:00,Goodison Park,38400.0,Kevin Friend
2018-2019,2018-12-15,Manchester City,Everton,3,1,H,12:30,Etihad Stadium,54173.0,Craig Pawson
2018-2019,2018-12-15,Watford,Cardiff City,3,2,H,15:00,Vicarage Road Stadium,20032.0,Andy Madley
2018-2019,2018-12-15,Tottenham,Burnley,1,0,H,15:00,Wembley Stadium,41645.0,Graham Scott
2018-2019,2018-12-15,Crystal Palace,Leicester City,1,0,H,15:00,Selhurst Park,24738.0,Michael Oliver
2018-2019,2018-12-15,Wolves,Bournemouth,2,0,H,15:00,Molineux Stadium,30997.0,Simon Hooper
2018-2019,2018-12-15,Huddersfield,Newcastle Utd,0,1,A,15:00,The John Smith's Stadium,24036.0,Anthony Taylor
2018-2019,2018-12-15,Fulham,West Ham,0,2,A,17:30,Craven Cottage,24081.0,Mike Dean
2018-2019,2018-12-16,Southampton,Arsenal,3,2,H,13:30,St. Mary's Stadium,29497.0,Chris Kavanagh
2018-2019,2018-12-16,Brighton,Chelsea,1,2,A,13:30,The American Express Community Stadium,30645.0,Stuart Attwell
2018-2019,2018-12-16,Liverpool,Manchester Utd,3,1,H,16:00,Anfield,52908.0,Martin Atkinson
2018-2019,2018-12-21,Wolves,Liverpool,0,2,A,20:00,Molineux Stadium,31358.0,Craig Pawson
2018-2019,2018-12-22,Arsenal,Burnley,3,1,H,12:30,Emirates Stadium,59493.0,Kevin Friend
2018-2019,2018-12-22,Newcastle Utd,Fulham,0,0,D,15:00,St. James' Park,51237.0,Martin Atkinson
2018-2019,2018-12-22,Chelsea,Leicester City,0,1,A,15:00,Stamford Bridge,40558.0,Lee Probert
2018-2019,2018-12-22,Huddersfield,Southampton,1,3,A,15:00,The John Smith's Stadium,22384.0,Stuart Attwell
2018-2019,2018-12-22,Bournemouth,Brighton,2,0,H,15:00,Vitality Stadium,10491.0,Mike Dean
2018-2019,2018-12-22,West Ham,Watford,0,2,A,15:00,London Stadium,56833.0,Lee Mason
2018-2019,2018-12-22,Manchester City,Crystal Palace,2,3,A,15:00,Etihad Stadium,54340.0,Andre Marriner
2018-2019,2018-12-22,Cardiff City,Manchester Utd,1,5,A,17:30,Cardiff City Stadium,33028.0,Michael Oliver
2018-2019,2018-12-23,Everton,Tottenham,2,6,A,16:00,Goodison Park,39319.0,Paul Tierney
2018-2019,2018-12-26,Fulham,Wolves,1,1,D,12:30,Craven Cottage,24382.0,Andre Marriner
2018-2019,2018-12-26,Manchester Utd,Huddersfield,3,1,H,15:00,Old Trafford,74523.0,Jonathan Moss
2018-2019,2018-12-26,Liverpool,Newcastle Utd,4,0,H,15:00,Anfield,53318.0,Graham Scott
2018-2019,2018-12-26,Leicester City,Manchester City,2,1,H,15:00,King Power Stadium,32090.0,Mike Dean
2018-2019,2018-12-26,Crystal Palace,Cardiff City,0,0,D,15:00,Selhurst Park,25206.0,Lee Probert
2018-2019,2018-12-26,Tottenham,Bournemouth,5,0,H,15:00,Wembley Stadium,45154.0,Chris Kavanagh
2018-2019,2018-12-26,Burnley,Everton,1,5,A,15:00,Turf Moor,21484.0,Michael Oliver
2018-2019,2018-12-26,Brighton,Arsenal,1,1,D,17:15,The American Express Community Stadium,30608.0,Anthony Taylor
2018-2019,2018-12-26,Watford,Chelsea,1,2,A,19:30,Vicarage Road Stadium,20415.0,Martin Atkinson
2018-2019,2018-12-27,Southampton,West Ham,1,2,A,19:45,St. Mary's Stadium,31654.0,Craig Pawson
2018-2019,2018-12-29,Fulham,Huddersfield,1,0,H,15:00,Craven Cottage,24423.0,Kevin Friend
2018-2019,2018-12-29,Tottenham,Wolves,1,3,A,15:00,Wembley Stadium,46356.0,Stuart Attwell
2018-2019,2018-12-29,Watford,Newcastle Utd,1,1,D,15:00,Vicarage Road Stadium,20336.0,Roger East
2018-2019,2018-12-29,Leicester City,Cardiff City,0,1,A,15:00,King Power Stadium,32047.0,Simon Hooper
2018-2019,2018-12-29,Brighton,Everton,1,0,H,15:00,The American Express Community Stadium,30597.0,Andy Madley
2018-2019,2018-12-29,Liverpool,Arsenal,5,1,H,17:30,Anfield,53326.0,Michael Oliver
2018-2019,2018-12-30,Crystal Palace,Chelsea,0,1,A,12:00,Selhurst Park,25781.0,Craig Pawson
2018-2019,2018-12-30,Burnley,West Ham,2,0,H,14:15,Turf Moor,20933.0,David Coote
2018-2019,2018-12-30,Southampton,Manchester City,1,3,A,14:15,St. Mary's Stadium,31381.0,Paul Tierney
2018-2019,2018-12-30,Manchester Utd,Bournemouth,4,1,H,16:30,Old Trafford,74556.0,Lee Mason
2018-2019,2019-01-01,Everton,Leicester City,0,1,A,12:30,Goodison Park,39052.0,Martin Atkinson
2018-2019,2019-01-01,Arsenal,Fulham,4,1,H,15:00,Emirates Stadium,59887.0,Graham Scott
2018-2019,2019-01-01,Cardiff City,Tottenham,0,3,A,17:30,Cardiff City Stadium,32485.0,Kevin Friend
2018-2019,2019-01-02,Chelsea,Southampton,0,0,D,19:45,Stamford Bridge,40668.0,Jonathan Moss
2018-2019,2019-01-02,Bournemouth,Watford,3,3,D,19:45,Vitality Stadium,10261.0,David Coote
2018-2019,2019-01-02,Wolves,Crystal Palace,0,2,A,19:45,Molineux Stadium,30666.0,Roger East
2018-2019,2019-01-02,Huddersfield,Burnley,1,2,A,19:45,The John Smith's Stadium,23715.0,Mike Dean
2018-2019,2019-01-02,West Ham,Brighton,2,2,D,19:45,London Stadium,59870.0,Chris Kavanagh
2018-2019,2019-01-02,Newcastle Utd,Manchester Utd,0,2,A,20:00,St. James' Park,52217.0,Andre Marriner
2018-2019,2019-01-03,Manchester City,Liverpool,2,1,H,20:00,Etihad Stadium,54511.0,Anthony Taylor
2018-2019,2019-01-12,West Ham,Arsenal,1,0,H,12:30,London Stadium,59946.0,Jonathan Moss
2018-2019,2019-01-12,Cardiff City,Huddersfield,0,0,D,15:00,Cardiff City Stadium,30725.0,Lee Mason
2018-2019,2019-01-12,Brighton,Liverpool,0,1,A,15:00,The American Express Community Stadium,30682.0,Kevin Friend
2018-2019,2019-01-12,Burnley,Fulham,2,1,H,15:00,Turf Moor,19316.0,Martin Atkinson
2018-2019,2019-01-12,Leicester City,Southampton,1,2,A,15:00,King Power Stadium,31491.0,Michael Oliver
2018-2019,2019-01-12,Crystal Palace,Watford,1,2,A,15:00,Selhurst Park,25010.0,Paul Tierney
2018-2019,2019-01-12,Chelsea,Newcastle Utd,2,1,H,17:30,Stamford Bridge,40491.0,Chris Kavanagh
2018-2019,2019-01-13,Everton,Bournemouth,2,0,H,14:15,Goodison Park,38113.0,Anthony Taylor
2018-2019,2019-01-13,Tottenham,Manchester Utd,0,1,A,16:30,Wembley Stadium,80062.0,Mike Dean
2018-2019,2019-01-14,Manchester City,Wolves,3,0,H,20:00,Etihad Stadium,54171.0,Craig Pawson
2018-2019,2019-01-19,Wolves,Leicester City,4,3,H,12:30,Molineux Stadium,31278.0,Chris Kavanagh
2018-2019,2019-01-19,Watford,Burnley,0,0,D,15:00,Vicarage Road Stadium,19510.0,Michael Oliver
2018-2019,2019-01-19,Manchester Utd,Brighton,2,1,H,15:00,Old Trafford,74532.0,Paul Tierney
2018-2019,2019-01-19,Liverpool,Crystal Palace,4,3,H,15:00,Anfield,53171.0,Jonathan Moss
2018-2019,2019-01-19,Newcastle Utd,Cardiff City,3,0,H,15:00,St. James' Park,49864.0,Stuart Attwell
2018-2019,2019-01-19,Bournemouth,West Ham,2,0,H,15:00,Vitality Stadium,10495.0,Simon Hooper
2018-2019,2019-01-19,Southampton,Everton,2,1,H,15:00,St. Mary's Stadium,29989.0,Graham Scott
2018-2019,2019-01-19,Arsenal,Chelsea,2,0,H,17:30,Emirates Stadium,59979.0,Anthony Taylor
2018-2019,2019-01-20,Huddersfield,Manchester City,0,3,A,13:30,The John Smith's Stadium,24190.0,Andre Marriner
2018-2019,2019-01-20,Fulham,Tottenham,1,2,A,16:00,Craven Cottage,24807.0,Craig Pawson
2018-2019,2019-01-29,Wolves,West Ham,3,0,H,19:45,Molineux Stadium,31122.0,David Coote
2018-2019,2019-01-29,Huddersfield,Everton,0,1,A,19:45,The John Smith's Stadium,23699.0,Stuart Attwell
2018-2019,2019-01-29,Fulham,Brighton,4,2,H,19:45,Craven Cottage,22008.0,Lee Probert
2018-2019,2019-01-29,Arsenal,Cardiff City,2,1,H,19:45,Emirates Stadium,59933.0,Mike Dean
2018-2019,2019-01-29,Manchester Utd,Burnley,2,2,D,20:00,Old Trafford,74529.0,Jonathan Moss
2018-2019,2019-01-29,Newcastle Utd,Manchester City,2,1,H,20:00,St. James' Park,50861.0,Paul Tierney
2018-2019,2019-01-30,Southampton,Crystal Palace,1,1,D,19:45,St. Mary's Stadium,28339.0,Andre Marriner
2018-2019,2019-01-30,Bournemouth,Chelsea,4,0,H,19:45,Vitality Stadium,10227.0,Roger East
2018-2019,2019-01-30,Tottenham,Watford,2,1,H,20:00,Wembley Stadium,29164.0,Graham Scott
2018-2019,2019-01-30,Liverpool,Leicester City,1,1,D,20:00,Anfield,53092.0,Martin Atkinson
2018-2019,2019-02-02,Tottenham,Newcastle Utd,1,0,H,12:30,Wembley Stadium,41219.0,Andre Marriner
2018-2019,2019-02-02,Burnley,Southampton,1,1,D,15:00,Turf Moor,19787.0,Anthony Taylor
2018-2019,2019-02-02,Crystal Palace,Fulham,2,0,H,15:00,Selhurst Park,25355.0,Michael Oliver
2018-2019,2019-02-02,Brighton,Watford,0,0,D,15:00,The American Express Community Stadium,30414.0,Simon Hooper
2018-2019,2019-02-02,Everton,Wolves,1,3,A,15:00,Goodison Park,39380.0,Lee Mason
2018-2019,2019-02-02,Chelsea,Huddersfield,5,0,H,15:00,Stamford Bridge,40626.0,Paul Tierney
2018-2019,2019-02-02,Cardiff City,Bournemouth,2,0,H,17:30,Cardiff City Stadium,31939.0,Jonathan Moss
2018-2019,2019-02-03,Leicester City,Manchester Utd,0,1,A,14:05,King Power Stadium,32148.0,Mike Dean
2018-2019,2019-02-03,Manchester City,Arsenal,3,1,H,16:30,Etihad Stadium,54483.0,Martin Atkinson
2018-2019,2019-02-04,West Ham,Liverpool,1,1,D,20:00,London Stadium,59903.0,Kevin Friend
2018-2019,2019-02-06,Everton,Manchester City,0,2,A,19:45,Goodison Park,39322.0,Craig Pawson
2018-2019,2019-02-09,Fulham,Manchester Utd,0,3,A,12:30,Craven Cottage,25001.0,Paul Tierney
2018-2019,2019-02-09,Liverpool,Bournemouth,3,0,H,15:00,Anfield,53178.0,Anthony Taylor
2018-2019,2019-02-09,Southampton,Cardiff City,1,2,A,15:00,St. Mary's Stadium,31438.0,Martin Atkinson
2018-2019,2019-02-09,Watford,Everton,1,0,H,15:00,Vicarage Road Stadium,20333.0,Lee Probert
2018-2019,2019-02-09,Crystal Palace,West Ham,1,1,D,15:00,Selhurst Park,25552.0,Craig Pawson
2018-2019,2019-02-09,Huddersfield,Arsenal,1,2,A,15:00,The John Smith's Stadium,24182.0,Jonathan Moss
2018-2019,2019-02-09,Brighton,Burnley,1,3,A,17:30,The American Express Community Stadium,29323.0,Stuart Attwell
2018-2019,2019-02-10,Tottenham,Leicester City,3,1,H,13:30,Wembley Stadium,44154.0,Michael Oliver
2018-2019,2019-02-10,Manchester City,Chelsea,6,0,H,16:00,Etihad Stadium,54452.0,Mike Dean
2018-2019,2019-02-11,Wolves,Newcastle Utd,1,1,D,20:00,Molineux Stadium,30687.0,Graham Scott
2018-2019,2019-02-22,West Ham,Fulham,3,1,H,19:45,London Stadium,59950.0,Lee Mason
2018-2019,2019-02-22,Cardiff City,Watford,1,5,A,19:45,Cardiff City Stadium,30387.0,Simon Hooper
2018-2019,2019-02-23,Burnley,Tottenham,2,1,H,12:30,Turf Moor,21338.0,Mike Dean
2018-2019,2019-02-23,Bournemouth,Wolves,1,1,D,15:00,Vitality Stadium,10671.0,Roger East
2018-2019,2019-02-23,Newcastle Utd,Huddersfield,2,0,H,15:00,St. James' Park,52174.0,Kevin Friend
2018-2019,2019-02-23,Leicester City,Crystal Palace,1,4,A,17:30,King Power Stadium,31778.0,Anthony Taylor
2018-2019,2019-02-24,Manchester Utd,Liverpool,0,0,D,14:05,Old Trafford,74519.0,Michael Oliver
2018-2019,2019-02-24,Arsenal,Southampton,2,0,H,14:05,Emirates Stadium,59877.0,Graham Scott
2018-2019,2019-02-26,Cardiff City,Everton,0,3,A,19:45,Cardiff City Stadium,31849.0,Kevin Friend
2018-2019,2019-02-26,Leicester City,Brighton,2,1,H,19:45,King Power Stadium,30558.0,Lee Probert
2018-2019,2019-02-26,Huddersfield,Wolves,1,0,H,19:45,The John Smith's Stadium,22714.0,David Coote
2018-2019,2019-02-26,Newcastle Utd,Burnley,2,0,H,20:00,St. James' Park,48323.0,Craig Pawson
2018-2019,2019-02-27,Southampton,Fulham,2,0,H,19:45,St. Mary's Stadium,27597.0,Anthony Taylor
2018-2019,2019-02-27,Arsenal,Bournemouth,5,1,H,19:45,Emirates Stadium,59618.0,Chris Kavanagh
2018-2019,2019-02-27,Chelsea,Tottenham,2,0,H,20:00,Stamford Bridge,40542.0,Andre Marriner
2018-2019,2019-02-27,Manchester City,West Ham,1,0,H,20:00,Etihad Stadium,53528.0,Stuart Attwell
2018-2019,2019-02-27,Crystal Palace,Manchester Utd,1,3,A,20:00,Selhurst Park,25754.0,Martin Atkinson
2018-2019,2019-02-27,Liverpool,Watford,5,0,H,20:00,Anfield,53316.0,Graham Scott
2018-2019,2019-03-02,Tottenham,Arsenal,1,1,D,12:30,Wembley Stadium,81332.0,Anthony Taylor
2018-2019,2019-03-02,Brighton,Huddersfield,1,0,H,15:00,The American Express Community Stadium,30182.0,Mike Dean
2018-2019,2019-03-02,Burnley,Crystal Palace,1,3,A,15:00,Turf Moor,19223.0,Lee Probert
2018-2019,2019-03-02,Wolves,Cardiff City,2,0,H,15:00,Molineux Stadium,31309.0,Andre Marriner
2018-2019,2019-03-02,Manchester Utd,Southampton,3,2,H,15:00,Old Trafford,74459.0,Stuart Attwell
2018-2019,2019-03-02,Bournemouth,Manchester City,0,1,A,15:00,Vitality Stadium,10699.0,Kevin Friend
2018-2019,2019-03-02,West Ham,Newcastle Utd,2,0,H,17:30,London Stadium,59910.0,Chris Kavanagh
2018-2019,2019-03-03,Watford,Leicester City,2,1,H,12:00,Vicarage Road Stadium,20062.0,Jonathan Moss
2018-2019,2019-03-03,Fulham,Chelsea,1,2,A,14:05,Craven Cottage,24900.0,Graham Scott
2018-2019,2019-03-03,Everton,Liverpool,0,0,D,16:15,Goodison Park,39335.0,Martin Atkinson
2018-2019,2019-03-09,Crystal Palace,Brighton,1,2,A,12:30,Selhurst Park,24972.0,Craig Pawson
2018-2019,2019-03-09,Cardiff City,West Ham,2,0,H,15:00,Cardiff City Stadium,32458.0,Graham Scott
2018-2019,2019-03-09,Southampton,Tottenham,2,1,H,15:00,St. Mary's Stadium,31890.0,Kevin Friend
2018-2019,2019-03-09,Huddersfield,Bournemouth,0,2,A,15:00,The John Smith's Stadium,22304.0,Anthony Taylor
2018-2019,2019-03-09,Newcastle Utd,Everton,3,2,H,15:00,St. James' Park,52242.0,Lee Mason
2018-2019,2019-03-09,Leicester City,Fulham,3,1,H,15:00,King Power Stadium,32017.0,David Coote
2018-2019,2019-03-09,Manchester City,Watford,3,1,H,17:30,Etihad Stadium,54104.0,Paul Tierney
2018-2019,2019-03-10,Liverpool,Burnley,4,2,H,12:00,Anfield,53310.0,Andre Marriner
2018-2019,2019-03-10,Chelsea,Wolves,1,1,D,14:05,Stamford Bridge,40692.0,Michael Oliver
2018-2019,2019-03-10,Arsenal,Manchester Utd,2,0,H,16:30,Emirates Stadium,60000.0,Jonathan Moss
2018-2019,2019-03-16,West Ham,Huddersfield,4,3,H,15:00,London Stadium,59931.0,Jonathan Moss
2018-2019,2019-03-16,Bournemouth,Newcastle Utd,2,2,D,15:00,Vitality Stadium,10625.0,Mike Dean
2018-2019,2019-03-16,Burnley,Leicester City,1,2,A,15:00,Turf Moor,20719.0,Michael Oliver
2018-2019,2019-03-17,Fulham,Liverpool,1,2,A,14:15,Craven Cottage,25043.0,Craig Pawson
2018-2019,2019-03-17,Everton,Chelsea,2,0,H,16:30,Goodison Park,39356.0,Anthony Taylor
2018-2019,2019-03-30,Fulham,Manchester City,0,2,A,12:30,Craven Cottage,25001.0,Kevin Friend
2018-2019,2019-03-30,Leicester City,Bournemouth,2,0,H,15:00,King Power Stadium,31530.0,Lee Mason
2018-2019,2019-03-30,Crystal Palace,Huddersfield,2,0,H,15:00,Selhurst Park,25193.0,Lee Probert
2018-2019,2019-03-30,Brighton,Southampton,0,1,A,15:00,The American Express Community Stadium,30636.0,Michael Oliver
2018-2019,2019-03-30,Manchester Utd,Watford,2,1,H,15:00,Old Trafford,74543.0,Stuart Attwell
2018-2019,2019-03-30,Burnley,Wolves,2,0,H,15:00,Turf Moor,20990.0,Chris Kavanagh
2018-2019,2019-03-30,West Ham,Everton,0,2,A,17:30,London Stadium,59988.0,Paul Tierney
2018-2019,2019-03-31,Cardiff City,Chelsea,1,2,A,14:05,Cardiff City Stadium,32657.0,Craig Pawson
2018-2019,2019-03-31,Liverpool,Tottenham,2,1,H,16:30,Anfield,53322.0,Martin Atkinson
2018-2019,2019-04-01,Arsenal,Newcastle Utd,2,0,H,20:00,Emirates Stadium,59869.0,Anthony Taylor
2018-2019,2019-04-02,Wolves,Manchester Utd,2,1,H,19:45,Molineux Stadium,31302.0,Mike Dean
2018-2019,2019-04-02,Watford,Fulham,4,1,H,19:45,Vicarage Road Stadium,17301.0,Roger East
2018-2019,2019-04-03,Chelsea,Brighton,3,0,H,19:45,Stamford Bridge,38593.0,Graham Scott
2018-2019,2019-04-03,Tottenham,Crystal Palace,2,0,H,19:45,Tottenham Hotspur Stadium,59215.0,Andre Marriner
2018-2019,2019-04-03,Manchester City,Cardiff City,2,0,H,19:45,Etihad Stadium,53559.0,Jonathan Moss
2018-2019,2019-04-05,Southampton,Liverpool,1,3,A,20:00,St. Mary's Stadium,31797.0,Paul Tierney
2018-2019,2019-04-06,Huddersfield,Leicester City,1,4,A,15:00,The John Smith's Stadium,24126.0,David Coote
2018-2019,2019-04-06,Bournemouth,Burnley,1,3,A,15:00,Vitality Stadium,10446.0,Martin Atkinson
2018-2019,2019-04-06,Newcastle Utd,Crystal Palace,0,1,A,15:00,St. James' Park,51926.0,Stuart Attwell
2018-2019,2019-04-07,Everton,Arsenal,1,0,H,14:05,Goodison Park,39400.0,Kevin Friend
2018-2019,2019-04-08,Chelsea,West Ham,2,0,H,20:00,Stamford Bridge,40537.0,Chris Kavanagh
2018-2019,2019-04-12,Leicester City,Newcastle Utd,0,1,A,20:00,King Power Stadium,32108.0,Chris Kavanagh
2018-2019,2019-04-13,Tottenham,Huddersfield,4,0,H,12:30,Tottenham Hotspur Stadium,58308.0,Lee Mason
2018-2019,2019-04-13,Brighton,Bournemouth,0,5,A,15:00,The American Express Community Stadium,30460.0,Kevin Friend
2018-2019,2019-04-13,Southampton,Wolves,3,1,H,15:00,St. Mary's Stadium,31708.0,Jonathan Moss
2018-2019,2019-04-13,Burnley,Cardiff City,2,0,H,15:00,Turf Moor,21480.0,Mike Dean
2018-2019,2019-04-13,Fulham,Everton,2,0,H,15:00,Craven Cottage,24971.0,Lee Probert
2018-2019,2019-04-13,Manchester Utd,West Ham,2,1,H,17:30,Old Trafford,74478.0,Graham Scott
2018-2019,2019-04-14,Crystal Palace,Manchester City,1,3,A,14:05,Selhurst Park,25721.0,Martin Atkinson
2018-2019,2019-04-14,Liverpool,Chelsea,2,0,H,16:30,Anfield,53279.0,Michael Oliver
2018-2019,2019-04-15,Watford,Arsenal,0,1,A,20:00,Vicarage Road Stadium,20480.0,Craig Pawson
2018-2019,2019-04-16,Brighton,Cardiff City,0,2,A,19:45,The American Express Community Stadium,30226.0,Andre Marriner
2018-2019,2019-04-20,Manchester City,Tottenham,1,0,H,12:30,Etihad Stadium,54489.0,Michael Oliver
2018-2019,2019-04-20,Huddersfield,Watford,1,2,A,15:00,The John Smith's Stadium,23957.0,Roger East
2018-2019,2019-04-20,Bournemouth,Fulham,0,1,A,15:00,Vitality Stadium,10511.0,David Coote
2018-2019,2019-04-20,Wolves,Brighton,0,0,D,15:00,Molineux Stadium,31096.0,Craig Pawson
2018-2019,2019-04-20,West Ham,Leicester City,2,2,D,15:00,London Stadium,59960.0,Lee Probert
2018-2019,2019-04-20,Newcastle Utd,Southampton,3,1,H,17:30,St. James' Park,52191.0,Anthony Taylor
2018-2019,2019-04-21,Everton,Manchester Utd,4,0,H,13:30,Goodison Park,39395.0,Paul Tierney
2018-2019,2019-04-21,Arsenal,Crystal Palace,2,3,A,16:00,Emirates Stadium,59929.0,Jonathan Moss
2018-2019,2019-04-21,Cardiff City,Liverpool,0,2,A,16:00,Cardiff City Stadium,33082.0,Martin Atkinson
2018-2019,2019-04-22,Chelsea,Burnley,2,2,D,20:00,Stamford Bridge,40642.0,Kevin Friend
2018-2019,2019-04-23,Watford,Southampton,1,1,D,19:45,Vicarage Road Stadium,19170.0,Mike Dean
2018-2019,2019-04-23,Tottenham,Brighton,1,0,H,19:45,Tottenham Hotspur Stadium,56251.0,Chris Kavanagh
2018-2019,2019-04-24,Wolves,Arsenal,3,1,H,19:45,Molineux Stadium,31436.0,Stuart Attwell
2018-2019,2019-04-24,Manchester Utd,Manchester City,0,2,A,20:00,Old Trafford,74431.0,Andre Marriner
2018-2019,2019-04-26,Liverpool,Huddersfield,5,0,H,20:00,Anfield,53249.0,Kevin Friend
2018-2019,2019-04-27,Tottenham,West Ham,0,1,A,12:30,Tottenham Hotspur Stadium,60043.0,Anthony Taylor
2018-2019,2019-04-27,Southampton,Bournemouth,3,3,D,15:00,St. Mary's Stadium,31310.0,Graham Scott
2018-2019,2019-04-27,Watford,Wolves,1,2,A,15:00,Vicarage Road Stadium,20323.0,Simon Hooper
2018-2019,2019-04-27,Fulham,Cardiff City,1,0,H,15:00,Craven Cottage,23822.0,Chris Kavanagh
2018-2019,2019-04-27,Crystal Palace,Everton,0,0,D,15:00,Selhurst Park,25789.0,Lee Mason
2018-2019,2019-04-27,Brighton,Newcastle Utd,1,1,D,17:30,The American Express Community Stadium,30587.0,Mike Dean
2018-2019,2019-04-28,Leicester City,Arsenal,3,0,H,12:00,King Power Stadium,32037.0,Michael Oliver
2018-2019,2019-04-28,Burnley,Manchester City,0,1,A,14:05,Turf Moor,21605.0,Paul Tierney
2018-2019,2019-04-28,Manchester Utd,Chelsea,1,1,D,16:30,Old Trafford,74526.0,Martin Atkinson
2018-2019,2019-05-03,Everton,Burnley,2,0,H,20:00,Goodison Park,39303.0,Chris Kavanagh
2018-2019,2019-05-04,Bournemouth,Tottenham,1,0,H,12:30,Vitality Stadium,10630.0,Craig Pawson
2018-2019,2019-05-04,West Ham,Southampton,3,0,H,15:00,London Stadium,59961.0,Stuart Attwell
2018-2019,2019-05-04,Wolves,Fulham,1,0,H,15:00,Molineux Stadium,30456.0,Jonathan Moss
2018-2019,2019-05-04,Cardiff City,Crystal Palace,2,3,A,17:30,Cardiff City Stadium,32133.0,Michael Oliver
2018-2019,2019-05-04,Newcastle Utd,Liverpool,2,3,A,19:45,St. James' Park,52206.0,Andre Marriner
2018-2019,2019-05-05,Huddersfield,Manchester Utd,1,1,D,14:00,The John Smith's Stadium,24263.0,Lee Mason
2018-2019,2019-05-05,Chelsea,Watford,3,0,H,14:00,Stamford Bridge,40560.0,Paul Tierney
2018-2019,2019-05-05,Arsenal,Brighton,1,1,D,16:30,Emirates Stadium,59965.0,Anthony Taylor
2018-2019,2019-05-06,Manchester City,Leicester City,1,0,H,20:00,Etihad Stadium,54506.0,Mike Dean
2018-2019,2019-05-12,Tottenham,Everton,2,2,D,15:00,Tottenham Hotspur Stadium,60124.0,Andre Marriner
2018-2019,2019-05-12,Southampton,Huddersfield,1,1,D,15:00,St. Mary's Stadium,30367.0,Lee Probert
2018-2019,2019-05-12,Watford,West Ham,1,4,A,15:00,Vicarage Road Stadium,20067.0,Chris Kavanagh
2018-2019,2019-05-12,Liverpool,Wolves,2,0,H,15:00,Anfield,53331.0,Martin Atkinson
2018-2019,2019-05-12,Manchester Utd,Cardiff City,0,2,A,15:00,Old Trafford,74457.0,Jonathan Moss
2018-2019,2019-05-12,Burnley,Arsenal,1,3,A,15:00,Turf Moor,21461.0,Mike Dean
2018-2019,2019-05-12,Brighton,Manchester City,1,4,A,15:00,The American Express Community Stadium,30662.0,Michael Oliver
2018-2019,2019-05-12,Fulham,Newcastle Utd,0,4,A,15:00,Craven Cottage,24979.0,Kevin Friend
2018-2019,2019-05-12,Leicester City,Chelsea,0,0,D,15:00,King Power Stadium,32140.0,Anthony Taylor
2018-2019,2019-05-12,Crystal Palace,Bournemouth,5,3,H,15:00,Selhurst Park,25433.0,Roger East
2019-2020,2019-08-09,Liverpool,Norwich City,4,1,H,20:00,Anfield,53333.0,Michael Oliver
2019-2020,2019-08-10,West Ham,Manchester City,0,5,A,12:30,London Stadium,59870.0,Mike Dean
2019-2020,2019-08-10,Bournemouth,Sheffield Utd,1,1,D,15:00,Vitality Stadium,10714.0,Kevin Friend
2019-2020,2019-08-10,Watford,Brighton,0,3,A,15:00,Vicarage Road Stadium,20245.0,Craig Pawson
2019-2020,2019-08-10,Crystal Palace,Everton,0,0,D,15:00,Selhurst Park,25151.0,Jonathan Moss
2019-2020,2019-08-10,Burnley,Southampton,3,0,H,15:00,Turf Moor,19784.0,Graham Scott
2019-2020,2019-08-10,Tottenham,Aston Villa,3,1,H,17:30,Tottenham Hotspur Stadium,60407.0,Chris Kavanagh
2019-2020,2019-08-11,Leicester City,Wolves,0,0,D,14:00,King Power Stadium,32015.0,Andre Marriner
2019-2020,2019-08-11,Newcastle Utd,Arsenal,0,1,A,14:00,St. James' Park,47635.0,Martin Atkinson
2019-2020,2019-08-11,Manchester Utd,Chelsea,4,0,H,16:30,Old Trafford,73620.0,Anthony Taylor
2019-2020,2019-08-17,Arsenal,Burnley,2,1,H,12:30,Emirates Stadium,60214.0,Mike Dean
2019-2020,2019-08-17,Southampton,Liverpool,1,2,A,15:00,St. Mary's Stadium,31712.0,Andre Marriner
2019-2020,2019-08-17,Aston Villa,Bournemouth,1,2,A,15:00,Villa Park,40996.0,Martin Atkinson
2019-2020,2019-08-17,Brighton,West Ham,1,1,D,15:00,The American Express Community Stadium,30459.0,Anthony Taylor
2019-2020,2019-08-17,Norwich City,Newcastle Utd,3,1,H,15:00,Carrow Road,27059.0,Stuart Attwell
2019-2020,2019-08-17,Everton,Watford,1,0,H,15:00,Goodison Park,39066.0,Lee Mason
2019-2020,2019-08-17,Manchester City,Tottenham,2,2,D,17:30,Etihad Stadium,54503.0,Michael Oliver
2019-2020,2019-08-18,Sheffield Utd,Crystal Palace,1,0,H,14:00,Bramall Lane,30197.0,David Coote
2019-2020,2019-08-18,Chelsea,Leicester City,1,1,D,16:30,Stamford Bridge,40629.0,Oliver Langford
2019-2020,2019-08-19,Wolves,Manchester Utd,1,1,D,20:00,Molineux Stadium,31314.0,Jonathan Moss
2019-2020,2019-08-23,Aston Villa,Everton,2,0,H,20:00,Villa Park,41922.0,Michael Oliver
2019-2020,2019-08-24,Norwich City,Chelsea,2,3,A,12:30,Carrow Road,27032.0,Martin Atkinson
2019-2020,2019-08-24,Watford,West Ham,1,3,A,15:00,Vicarage Road Stadium,20035.0,Chris Kavanagh
2019-2020,2019-08-24,Manchester Utd,Crystal Palace,1,2,A,15:00,Old Trafford,73454.0,Paul Tierney
2019-2020,2019-08-24,Sheffield Utd,Leicester City,1,2,A,15:00,Bramall Lane,30079.0,Andy Madley
2019-2020,2019-08-24,Brighton,Southampton,0,2,A,15:00,The American Express Community Stadium,30019.0,Kevin Friend
2019-2020,2019-08-24,Liverpool,Arsenal,3,1,H,17:30,Anfield,53298.0,Anthony Taylor
2019-2020,2019-08-25,Bournemouth,Manchester City,1,3,A,14:00,Vitality Stadium,10486.0,Andre Marriner
2019-2020,2019-08-25,Wolves,Burnley,1,1,D,16:30,Molineux Stadium,30522.0,Craig Pawson
2019-2020,2019-08-25,Tottenham,Newcastle Utd,0,1,A,16:30,Tottenham Hotspur Stadium,59245.0,Mike Dean
2019-2020,2019-08-31,Southampton,Manchester Utd,1,1,D,12:30,St. Mary's Stadium,30499.0,Mike Dean
2019-2020,2019-08-31,Chelsea,Sheffield Utd,2,2,D,15:00,Stamford Bridge,40560.0,Stuart Attwell
2019-2020,2019-08-31,Newcastle Utd,Watford,1,1,D,15:00,St. James' Park,44157.0,Graham Scott
2019-2020,2019-08-31,Manchester City,Brighton,4,0,H,15:00,Etihad Stadium,54386.0,Jonathan Moss
2019-2020,2019-08-31,Leicester City,Bournemouth,3,1,H,15:00,King Power Stadium,31613.0,Peter Bankes
2019-2020,2019-08-31,Crystal Palace,Aston Villa,1,0,H,15:00,Selhurst Park,25248.0,Kevin Friend
2019-2020,2019-08-31,West Ham,Norwich City,2,0,H,15:00,London Stadium,59950.0,Paul Tierney
2019-2020,2019-08-31,Burnley,Liverpool,0,3,A,17:30,Turf Moor,21762.0,Chris Kavanagh
2019-2020,2019-09-01,Everton,Wolves,3,2,H,14:00,Goodison Park,39374.0,Anthony Taylor
2019-2020,2019-09-01,Arsenal,Tottenham,2,2,D,16:30,Emirates Stadium,60333.0,Martin Atkinson
2019-2020,2019-09-14,Liverpool,Newcastle Utd,3,1,H,12:30,Anfield,51430.0,Andre Marriner
2019-2020,2019-09-14,Brighton,Burnley,1,1,D,15:00,The American Express Community Stadium,29398.0,Michael Oliver
2019-2020,2019-09-14,Sheffield Utd,Southampton,0,1,A,15:00,Bramall Lane,30985.0,Lee Mason
2019-2020,2019-09-14,Tottenham,Crystal Palace,4,0,H,15:00,Tottenham Hotspur Stadium,59812.0,Craig Pawson
2019-2020,2019-09-14,Wolves,Chelsea,2,5,A,15:00,Molineux Stadium,31534.0,Graham Scott
2019-2020,2019-09-14,Manchester Utd,Leicester City,1,0,H,15:00,Old Trafford,73689.0,Martin Atkinson
2019-2020,2019-09-14,Norwich City,Manchester City,3,2,H,17:30,Carrow Road,27035.0,Kevin Friend
2019-2020,2019-09-15,Bournemouth,Everton,3,1,H,14:00,Vitality Stadium,10416.0,Paul Tierney
2019-2020,2019-09-15,Watford,Arsenal,2,2,D,16:30,Vicarage Road Stadium,21360.0,Anthony Taylor
2019-2020,2019-09-16,Aston Villa,West Ham,0,0,D,20:00,Villa Park,42010.0,Mike Dean
2019-2020,2019-09-20,Southampton,Bournemouth,1,3,A,20:00,St. Mary's Stadium,30168.0,Chris Kavanagh
2019-2020,2019-09-21,Leicester City,Tottenham,2,1,H,12:30,King Power Stadium,32129.0,Paul Tierney
2019-2020,2019-09-21,Burnley,Norwich City,2,0,H,15:00,Turf Moor,19712.0,David Coote
2019-2020,2019-09-21,Everton,Sheffield Utd,0,2,A,15:00,Goodison Park,39354.0,Simon Hooper
2019-2020,2019-09-21,Manchester City,Watford,8,0,H,15:00,Etihad Stadium,54273.0,Mike Dean
2019-2020,2019-09-21,Newcastle Utd,Brighton,0,0,D,17:30,St. James' Park,43316.0,Martin Atkinson
2019-2020,2019-09-22,Crystal Palace,Wolves,1,1,D,14:00,Selhurst Park,25122.0,Stuart Attwell
2019-2020,2019-09-22,West Ham,Manchester Utd,2,0,H,14:00,London Stadium,59936.0,Anthony Taylor
2019-2020,2019-09-22,Arsenal,Aston Villa,3,2,H,16:30,Emirates Stadium,60331.0,Jonathan Moss
2019-2020,2019-09-22,Chelsea,Liverpool,1,2,A,16:30,Stamford Bridge,40638.0,Michael Oliver
2019-2020,2019-09-28,Sheffield Utd,Liverpool,0,1,A,12:30,Bramall Lane,31774.0,Anthony Taylor
2019-2020,2019-09-28,Chelsea,Brighton,2,0,H,15:00,Stamford Bridge,40683.0,Chris Kavanagh
2019-2020,2019-09-28,Aston Villa,Burnley,2,2,D,15:00,Villa Park,41546.0,Lee Mason
2019-2020,2019-09-28,Crystal Palace,Norwich City,2,0,H,15:00,Selhurst Park,25477.0,Jonathan Moss
2019-2020,2019-09-28,Tottenham,Southampton,2,1,H,15:00,Tottenham Hotspur Stadium,59645.0,Graham Scott
2019-2020,2019-09-28,Bournemouth,West Ham,2,2,D,15:00,Vitality Stadium,10729.0,Stuart Attwell
2019-2020,2019-09-28,Wolves,Watford,2,0,H,15:00,Molineux Stadium,30711.0,Paul Tierney
2019-2020,2019-09-28,Everton,Manchester City,1,3,A,17:30,Goodison Park,39222.0,Michael Oliver
2019-2020,2019-09-29,Leicester City,Newcastle Utd,5,0,H,16:30,King Power Stadium,32168.0,Craig Pawson
2019-2020,2019-09-30,Manchester Utd,Arsenal,1,1,D,20:00,Old Trafford,73201.0,Kevin Friend
2019-2020,2019-10-05,Brighton,Tottenham,3,0,H,12:30,The American Express Community Stadium,30610.0,Jonathan Moss
2019-2020,2019-10-05,Watford,Sheffield Utd,0,0,D,15:00,Vicarage Road Stadium,20811.0,Andre Marriner
2019-2020,2019-10-05,Burnley,Everton,1,0,H,15:00,Turf Moor,20650.0,Graham Scott
2019-2020,2019-10-05,Norwich City,Aston Villa,1,5,A,15:00,Carrow Road,27045.0,Andy Madley
2019-2020,2019-10-05,Liverpool,Leicester City,2,1,H,15:00,Anfield,53322.0,Chris Kavanagh
2019-2020,2019-10-05,West Ham,Crystal Palace,1,2,A,17:30,London Stadium,59912.0,Michael Oliver
2019-2020,2019-10-06,Arsenal,Bournemouth,1,0,H,14:00,Emirates Stadium,60326.0,Martin Atkinson
2019-2020,2019-10-06,Southampton,Chelsea,1,4,A,14:00,St. Mary's Stadium,31473.0,Paul Tierney
2019-2020,2019-10-06,Manchester City,Wolves,0,2,A,14:00,Etihad Stadium,54435.0,Craig Pawson
2019-2020,2019-10-06,Newcastle Utd,Manchester Utd,1,0,H,16:30,St. James' Park,51198.0,Mike Dean
2019-2020,2019-10-19,Everton,West Ham,2,0,H,12:30,Goodison Park,39263.0,Paul Tierney
2019-2020,2019-10-19,Tottenham,Watford,1,1,D,15:00,Tottenham Hotspur Stadium,58754.0,Chris Kavanagh
2019-2020,2019-10-19,Bournemouth,Norwich City,0,0,D,15:00,Vitality Stadium,10669.0,Lee Mason
2019-2020,2019-10-19,Aston Villa,Brighton,2,1,H,15:00,Villa Park,41826.0,David Coote
2019-2020,2019-10-19,Leicester City,Burnley,2,1,H,15:00,King Power Stadium,32105.0,Jonathan Moss
2019-2020,2019-10-19,Wolves,Southampton,1,1,D,15:00,Molineux Stadium,30915.0,Peter Bankes
2019-2020,2019-10-19,Chelsea,Newcastle Utd,1,0,H,15:00,Stamford Bridge,40513.0,Andre Marriner
2019-2020,2019-10-19,Crystal Palace,Manchester City,0,2,A,17:30,Selhurst Park,25480.0,Anthony Taylor
2019-2020,2019-10-20,Manchester Utd,Liverpool,1,1,D,16:30,Old Trafford,73737.0,Martin Atkinson
2019-2020,2019-10-21,Sheffield Utd,Arsenal,1,0,H,20:00,Bramall Lane,30775.0,Mike Dean
2019-2020,2019-10-25,Southampton,Leicester City,0,9,A,20:00,St. Mary's Stadium,28762.0,Andre Marriner
2019-2020,2019-10-26,Manchester City,Aston Villa,3,0,H,12:30,Etihad Stadium,54506.0,Graham Scott
2019-2020,2019-10-26,Watford,Bournemouth,0,0,D,15:00,Vicarage Road Stadium,20821.0,Mike Dean
2019-2020,2019-10-26,Brighton,Everton,3,2,H,15:00,The American Express Community Stadium,30529.0,Andy Madley
2019-2020,2019-10-26,West Ham,Sheffield Utd,1,1,D,15:00,London Stadium,59878.0,David Coote
2019-2020,2019-10-26,Burnley,Chelsea,2,4,A,17:30,Turf Moor,20975.0,Michael Oliver
2019-2020,2019-10-27,Newcastle Utd,Wolves,1,1,D,14:00,St. James' Park,46019.0,Kevin Friend
2019-2020,2019-10-27,Arsenal,Crystal Palace,2,2,D,16:30,Emirates Stadium,60345.0,Martin Atkinson
2019-2020,2019-10-27,Norwich City,Manchester Utd,1,3,A,16:30,Carrow Road,27108.0,Stuart Attwell
2019-2020,2019-10-27,Liverpool,Tottenham,2,1,H,16:30,Anfield,53222.0,Anthony Taylor
2019-2020,2019-11-02,Bournemouth,Manchester Utd,1,0,H,12:30,Vitality Stadium,10669.0,Chris Kavanagh
2019-2020,2019-11-02,Aston Villa,Liverpool,1,2,A,15:00,Villa Park,41878.0,Jonathan Moss
2019-2020,2019-11-02,West Ham,Newcastle Utd,2,3,A,15:00,London Stadium,59907.0,Stuart Attwell
2019-2020,2019-11-02,Manchester City,Southampton,2,1,H,15:00,Etihad Stadium,53922.0,Lee Mason
2019-2020,2019-11-02,Brighton,Norwich City,2,0,H,15:00,The American Express Community Stadium,30539.0,Kevin Friend
2019-2020,2019-11-02,Sheffield Utd,Burnley,3,0,H,15:00,Bramall Lane,31131.0,Simon Hooper
2019-2020,2019-11-02,Arsenal,Wolves,1,1,D,15:00,Emirates Stadium,60383.0,Michael Oliver
2019-2020,2019-11-02,Watford,Chelsea,1,2,A,17:30,Vicarage Road Stadium,21011.0,Anthony Taylor
2019-2020,2019-11-03,Crystal Palace,Leicester City,0,2,A,14:00,Selhurst Park,25480.0,Paul Tierney
2019-2020,2019-11-03,Everton,Tottenham,1,1,D,16:30,Goodison Park,39001.0,Martin Atkinson
2019-2020,2019-11-08,Norwich City,Watford,0,2,A,20:00,Carrow Road,27074.0,Andre Marriner
2019-2020,2019-11-09,Chelsea,Crystal Palace,2,0,H,12:30,Stamford Bridge,40525.0,Mike Dean
2019-2020,2019-11-09,Tottenham,Sheffield Utd,1,1,D,15:00,Tottenham Hotspur Stadium,59781.0,Graham Scott
2019-2020,2019-11-09,Newcastle Utd,Bournemouth,2,1,H,15:00,St. James' Park,44424.0,Martin Atkinson
2019-2020,2019-11-09,Burnley,West Ham,3,0,H,15:00,Turf Moor,20255.0,Kevin Friend
2019-2020,2019-11-09,Southampton,Everton,1,2,A,15:00,St. Mary's Stadium,29754.0,Paul Tierney
2019-2020,2019-11-09,Leicester City,Arsenal,2,0,H,17:30,King Power Stadium,32209.0,Chris Kavanagh
2019-2020,2019-11-10,Manchester Utd,Brighton,3,1,H,14:00,Old Trafford,73556.0,Jonathan Moss
2019-2020,2019-11-10,Wolves,Aston Villa,2,1,H,14:00,Molineux Stadium,31607.0,Anthony Taylor
2019-2020,2019-11-10,Liverpool,Manchester City,3,1,H,16:30,Anfield,53324.0,Michael Oliver
2019-2020,2019-11-23,West Ham,Tottenham,2,3,A,12:30,London Stadium,59930.0,Michael Oliver
2019-2020,2019-11-23,Watford,Burnley,0,3,A,15:00,Vicarage Road Stadium,19711.0,Paul Tierney
2019-2020,2019-11-23,Arsenal,Southampton,2,2,D,15:00,Emirates Stadium,60295.0,Stuart Attwell
2019-2020,2019-11-23,Bournemouth,Wolves,1,2,A,15:00,Vitality Stadium,10539.0,Simon Hooper
2019-2020,2019-11-23,Crystal Palace,Liverpool,1,2,A,15:00,Selhurst Park,25486.0,Kevin Friend
2019-2020,2019-11-23,Everton,Norwich City,0,2,A,15:00,Goodison Park,39241.0,Anthony Taylor
2019-2020,2019-11-23,Brighton,Leicester City,0,2,A,15:00,The American Express Community Stadium,30640.0,Mike Dean
2019-2020,2019-11-23,Manchester City,Chelsea,2,1,H,17:30,Etihad Stadium,54486.0,Martin Atkinson
2019-2020,2019-11-24,Sheffield Utd,Manchester Utd,3,3,D,16:30,Bramall Lane,32024.0,Andre Marriner
2019-2020,2019-11-25,Aston Villa,Newcastle Utd,2,0,H,20:00,Villa Park,41821.0,Lee Mason
2019-2020,2019-11-30,Newcastle Utd,Manchester City,2,2,D,12:30,St. James' Park,49937.0,Chris Kavanagh
2019-2020,2019-11-30,Tottenham,Bournemouth,3,2,H,15:00,Tottenham Hotspur Stadium,59626.0,Lee Mason
2019-2020,2019-11-30,Chelsea,West Ham,0,1,A,15:00,Stamford Bridge,40595.0,Jonathan Moss
2019-2020,2019-11-30,Burnley,Crystal Palace,0,2,A,15:00,Turf Moor,19818.0,Peter Bankes
2019-2020,2019-11-30,Liverpool,Brighton,2,1,H,15:00,Anfield,53319.0,Martin Atkinson
2019-2020,2019-11-30,Southampton,Watford,2,1,H,17:30,St. Mary's Stadium,26929.0,Michael Oliver
2019-2020,2019-12-01,Wolves,Sheffield Utd,1,1,D,14:00,Molineux Stadium,31642.0,David Coote
2019-2020,2019-12-01,Norwich City,Arsenal,2,2,D,14:00,Carrow Road,27067.0,Paul Tierney
2019-2020,2019-12-01,Manchester Utd,Aston Villa,2,2,D,16:30,Old Trafford,73381.0,Craig Pawson
2019-2020,2019-12-01,Leicester City,Everton,2,1,H,16:30,King Power Stadium,32144.0,Graham Scott
2019-2020,2019-12-03,Crystal Palace,Bournemouth,1,0,H,19:30,Selhurst Park,23497.0,Anthony Taylor
2019-2020,2019-12-03,Burnley,Manchester City,1,4,A,20:15,Turf Moor,20101.0,Jonathan Moss
2019-2020,2019-12-04,Chelsea,Aston Villa,2,1,H,19:30,Stamford Bridge,40628.0,Chris Kavanagh
2019-2020,2019-12-04,Leicester City,Watford,2,0,H,19:30,King Power Stadium,31763.0,Craig Pawson
2019-2020,2019-12-04,Manchester Utd,Tottenham,2,1,H,19:30,Old Trafford,73252.0,Paul Tierney
2019-2020,2019-12-04,Wolves,West Ham,2,0,H,19:30,Molineux Stadium,31217.0,Andre Marriner
2019-2020,2019-12-04,Southampton,Norwich City,2,1,H,19:30,St. Mary's Stadium,27019.0,Kevin Friend
2019-2020,2019-12-04,Liverpool,Everton,5,2,H,20:15,Anfield,53094.0,Mike Dean
2019-2020,2019-12-05,Sheffield Utd,Newcastle Utd,0,2,A,19:30,Bramall Lane,30409.0,Stuart Attwell
2019-2020,2019-12-05,Arsenal,Brighton,1,2,A,20:15,Emirates Stadium,60164.0,Graham Scott
2019-2020,2019-12-07,Everton,Chelsea,3,1,H,12:30,Goodison Park,39114.0,Craig Pawson
2019-2020,2019-12-07,Bournemouth,Liverpool,0,3,A,15:00,Vitality Stadium,10832.0,Chris Kavanagh
2019-2020,2019-12-07,Watford,Crystal Palace,0,0,D,15:00,Vicarage Road Stadium,20070.0,Martin Atkinson
2019-2020,2019-12-07,Tottenham,Burnley,5,0,H,15:00,Tottenham Hotspur Stadium,58401.0,Kevin Friend
2019-2020,2019-12-07,Manchester City,Manchester Utd,1,2,A,17:30,Etihad Stadium,54403.0,Anthony Taylor
2019-2020,2019-12-08,Norwich City,Sheffield Utd,1,2,A,14:00,Carrow Road,26881.0,Simon Hooper
2019-2020,2019-12-08,Newcastle Utd,Southampton,2,1,H,14:00,St. James' Park,42303.0,David Coote
2019-2020,2019-12-08,Aston Villa,Leicester City,1,4,A,14:00,Villa Park,41908.0,Michael Oliver
2019-2020,2019-12-08,Brighton,Wolves,2,2,D,16:30,The American Express Community Stadium,30189.0,Jonathan Moss
2019-2020,2019-12-09,West Ham,Arsenal,1,3,A,20:00,London Stadium,59936.0,Mike Dean
2019-2020,2019-12-14,Liverpool,Watford,2,0,H,12:30,Anfield,53311.0,Andre Marriner
2019-2020,2019-12-14,Sheffield Utd,Aston Villa,2,0,H,15:00,Bramall Lane,30396.0,Peter Bankes
2019-2020,2019-12-14,Burnley,Newcastle Utd,1,0,H,15:00,Turf Moor,19798.0,Tim Robinson
2019-2020,2019-12-14,Leicester City,Norwich City,1,1,D,15:00,King Power Stadium,32101.0,Andy Madley
2019-2020,2019-12-14,Chelsea,Bournemouth,0,1,A,15:00,Stamford Bridge,40243.0,Graham Scott
2019-2020,2019-12-14,Southampton,West Ham,0,1,A,17:30,St. Mary's Stadium,27701.0,Martin Atkinson
2019-2020,2019-12-15,Manchester Utd,Everton,1,1,D,14:00,Old Trafford,63328.0,Michael Oliver
2019-2020,2019-12-15,Wolves,Tottenham,1,2,A,14:00,Molineux Stadium,31674.0,Stuart Attwell
2019-2020,2019-12-15,Arsenal,Manchester City,0,3,A,16:30,Emirates Stadium,60031.0,Paul Tierney
2019-2020,2019-12-16,Crystal Palace,Brighton,1,1,D,19:45,Selhurst Park,24175.0,Craig Pawson
2019-2020,2019-12-21,Everton,Arsenal,0,0,D,12:30,Goodison Park,39336.0,Kevin Friend
2019-2020,2019-12-21,Bournemouth,Burnley,0,1,A,15:00,Vitality Stadium,10020.0,Martin Atkinson
2019-2020,2019-12-21,Newcastle Utd,Crystal Palace,1,0,H,15:00,St. James' Park,45453.0,Simon Hooper
2019-2020,2019-12-21,Norwich City,Wolves,1,2,A,15:00,Carrow Road,27053.0,Peter Bankes
2019-2020,2019-12-21,Brighton,Sheffield Utd,0,1,A,15:00,The American Express Community Stadium,30505.0,Robert Jones
2019-2020,2019-12-21,Aston Villa,Southampton,1,3,A,15:00,Villa Park,41834.0,Craig Pawson
2019-2020,2019-12-21,Manchester City,Leicester City,3,1,H,17:30,Etihad Stadium,54415.0,Mike Dean
2019-2020,2019-12-22,Watford,Manchester Utd,2,0,H,14:00,Vicarage Road Stadium,21488.0,Lee Mason
2019-2020,2019-12-22,Tottenham,Chelsea,0,2,A,16:30,Tottenham Hotspur Stadium,61104.0,Anthony Taylor
2019-2020,2019-12-26,Tottenham,Brighton,2,1,H,12:30,Tottenham Hotspur Stadium,56308.0,Graham Scott
2019-2020,2019-12-26,Aston Villa,Norwich City,1,0,H,15:00,Villa Park,41289.0,Chris Kavanagh
2019-2020,2019-12-26,Sheffield Utd,Watford,1,1,D,15:00,Bramall Lane,30222.0,David Coote
2019-2020,2019-12-26,Crystal Palace,West Ham,2,1,H,15:00,Selhurst Park,25462.0,Andre Marriner
2019-2020,2019-12-26,Everton,Burnley,1,0,H,15:00,Goodison Park,39177.0,Anthony Taylor
2019-2020,2019-12-26,Chelsea,Southampton,0,2,A,15:00,Stamford Bridge,40651.0,Jonathan Moss
2019-2020,2019-12-26,Bournemouth,Arsenal,1,1,D,15:00,Vitality Stadium,10234.0,Stuart Attwell
2019-2020,2019-12-26,Manchester Utd,Newcastle Utd,4,1,H,17:30,Old Trafford,73206.0,Kevin Friend
2019-2020,2019-12-26,Leicester City,Liverpool,0,4,A,20:00,King Power Stadium,32211.0,Michael Oliver
2019-2020,2019-12-27,Wolves,Manchester City,3,2,H,19:45,Molineux Stadium,31737.0,Martin Atkinson
2019-2020,2019-12-28,Brighton,Bournemouth,2,0,H,12:30,The American Express Community Stadium,30441.0,Paul Tierney
2019-2020,2019-12-28,Southampton,Crystal Palace,1,1,D,15:00,St. Mary's Stadium,31108.0,Andy Madley
2019-2020,2019-12-28,Newcastle Utd,Everton,1,2,A,15:00,St. James' Park,52211.0,Lee Mason
2019-2020,2019-12-28,Watford,Aston Villa,3,0,H,15:00,Vicarage Road Stadium,21348.0,Simon Hooper
2019-2020,2019-12-28,West Ham,Leicester City,1,2,A,17:30,London Stadium,59919.0,David Coote
2019-2020,2019-12-28,Norwich City,Tottenham,2,2,D,17:30,Carrow Road,27072.0,Kevin Friend
2019-2020,2019-12-28,Burnley,Manchester Utd,0,2,A,19:45,Turf Moor,21924.0,Mike Dean
2019-2020,2019-12-29,Arsenal,Chelsea,1,2,A,14:00,Emirates Stadium,60309.0,Craig Pawson
2019-2020,2019-12-29,Liverpool,Wolves,1,0,H,16:30,Anfield,53326.0,Anthony Taylor
2019-2020,2019-12-29,Manchester City,Sheffield Utd,2,0,H,18:00,Etihad Stadium,54512.0,Chris Kavanagh
2019-2020,2020-01-01,Burnley,Aston Villa,1,2,A,12:30,Turf Moor,19561.0,Michael Oliver
2019-2020,2020-01-01,Brighton,Chelsea,1,1,D,12:30,The American Express Community Stadium,30559.0,Stuart Attwell
2019-2020,2020-01-01,Southampton,Tottenham,1,0,H,15:00,St. Mary's Stadium,30976.0,Mike Dean
2019-2020,2020-01-01,Newcastle Utd,Leicester City,0,3,A,15:00,St. James' Park,52178.0,Martin Atkinson
2019-2020,2020-01-01,Watford,Wolves,2,1,H,15:00,Vicarage Road Stadium,20584.0,Andy Madley
2019-2020,2020-01-01,Manchester City,Everton,2,1,H,17:30,Etihad Stadium,54407.0,Andre Marriner
2019-2020,2020-01-01,Norwich City,Crystal Palace,1,1,D,17:30,Carrow Road,27021.0,Jonathan Moss
2019-2020,2020-01-01,West Ham,Bournemouth,4,0,H,17:30,London Stadium,59917.0,Graham Scott
2019-2020,2020-01-01,Arsenal,Manchester Utd,2,0,H,20:00,Emirates Stadium,60328.0,Chris Kavanagh
2019-2020,2020-01-02,Liverpool,Sheffield Utd,2,0,H,20:00,Anfield,53321.0,Paul Tierney
2019-2020,2020-01-10,Sheffield Utd,West Ham,1,0,H,20:00,Bramall Lane,30124.0,Michael Oliver
2019-2020,2020-01-11,Crystal Palace,Arsenal,1,1,D,12:30,Selhurst Park,25468.0,Paul Tierney
2019-2020,2020-01-11,Manchester Utd,Norwich City,4,0,H,15:00,Old Trafford,73271.0,Anthony Taylor
2019-2020,2020-01-11,Everton,Brighton,1,0,H,15:00,Goodison Park,38772.0,David Coote
2019-2020,2020-01-11,Leicester City,Southampton,1,2,A,15:00,King Power Stadium,32115.0,Lee Mason
2019-2020,2020-01-11,Chelsea,Burnley,3,0,H,15:00,Stamford Bridge,40396.0,Kevin Friend
2019-2020,2020-01-11,Wolves,Newcastle Utd,1,1,D,15:00,Molineux Stadium,31570.0,Peter Bankes
2019-2020,2020-01-11,Tottenham,Liverpool,0,1,A,17:30,Tottenham Hotspur Stadium,61023.0,Martin Atkinson
2019-2020,2020-01-12,Bournemouth,Watford,0,3,A,14:00,Vitality Stadium,10384.0,Mike Dean
2019-2020,2020-01-12,Aston Villa,Manchester City,1,6,A,16:30,Villa Park,41823.0,Jonathan Moss
2019-2020,2020-01-18,Watford,Tottenham,0,0,D,12:30,Vicarage Road Stadium,21366.0,Michael Oliver
2019-2020,2020-01-18,Manchester City,Crystal Palace,2,2,D,15:00,Etihad Stadium,54439.0,Graham Scott
2019-2020,2020-01-18,Arsenal,Sheffield Utd,1,1,D,15:00,Emirates Stadium,60310.0,Mike Dean
2019-2020,2020-01-18,West Ham,Everton,1,1,D,15:00,London Stadium,59915.0,Andre Marriner
2019-2020,2020-01-18,Southampton,Wolves,2,3,A,15:00,St. Mary's Stadium,31152.0,Darren England
2019-2020,2020-01-18,Brighton,Aston Villa,1,1,D,15:00,The American Express Community Stadium,30551.0,Andy Madley
2019-2020,2020-01-18,Norwich City,Bournemouth,1,0,H,15:00,Carrow Road,26781.0,Paul Tierney
2019-2020,2020-01-18,Newcastle Utd,Chelsea,1,0,H,17:30,St. James' Park,52217.0,Chris Kavanagh
2019-2020,2020-01-19,Burnley,Leicester City,2,1,H,14:00,Turf Moor,19788.0,Anthony Taylor
2019-2020,2020-01-19,Liverpool,Manchester Utd,2,0,H,16:30,Anfield,52916.0,Craig Pawson
2019-2020,2020-01-21,Crystal Palace,Southampton,0,2,A,19:30,Selhurst Park,23739.0,Andre Marriner
2019-2020,2020-01-21,Aston Villa,Watford,2,1,H,19:30,Villa Park,40867.0,Martin Atkinson
2019-2020,2020-01-21,Everton,Newcastle Utd,2,2,D,19:30,Goodison Park,38822.0,Simon Hooper
2019-2020,2020-01-21,Bournemouth,Brighton,3,1,H,19:30,Vitality Stadium,10065.0,Kevin Friend
2019-2020,2020-01-21,Sheffield Utd,Manchester City,0,1,A,19:30,Bramall Lane,31285.0,Lee Mason
2019-2020,2020-01-21,Chelsea,Arsenal,2,2,D,20:15,Stamford Bridge,40577.0,Stuart Attwell
2019-2020,2020-01-22,Tottenham,Norwich City,2,1,H,19:30,Tottenham Hotspur Stadium,58182.0,Chris Kavanagh
2019-2020,2020-01-22,Leicester City,West Ham,4,1,H,19:30,King Power Stadium,31968.0,David Coote
2019-2020,2020-01-22,Manchester Utd,Burnley,0,2,A,20:15,Old Trafford,73198.0,Jonathan Moss
2019-2020,2020-01-23,Wolves,Liverpool,1,2,A,20:00,Molineux Stadium,31746.0,Michael Oliver
2019-2020,2020-01-29,West Ham,Liverpool,0,2,A,19:45,London Stadium,59959.0,Jonathan Moss
2019-2020,2020-02-01,Leicester City,Chelsea,2,2,D,12:30,King Power Stadium,32186.0,Lee Mason
2019-2020,2020-02-01,Bournemouth,Aston Villa,2,1,H,15:00,Vitality Stadium,10722.0,Anthony Taylor
2019-2020,2020-02-01,Watford,Everton,2,3,A,15:00,Vicarage Road Stadium,21229.0,Craig Pawson
2019-2020,2020-02-01,West Ham,Brighton,3,3,D,15:00,London Stadium,59952.0,Michael Oliver
2019-2020,2020-02-01,Liverpool,Southampton,4,0,H,15:00,Anfield,53291.0,Kevin Friend
2019-2020,2020-02-01,Crystal Palace,Sheffield Utd,0,1,A,15:00,Selhurst Park,25170.0,Andy Madley
2019-2020,2020-02-01,Newcastle Utd,Norwich City,0,0,D,15:00,St. James' Park,52204.0,Martin Atkinson
2019-2020,2020-02-01,Manchester Utd,Wolves,0,0,D,17:30,Old Trafford,73363.0,Paul Tierney
2019-2020,2020-02-02,Burnley,Arsenal,0,0,D,14:00,Turf Moor,21048.0,Chris Kavanagh
2019-2020,2020-02-02,Tottenham,Manchester City,2,0,H,16:30,Tottenham Hotspur Stadium,61022.0,Mike Dean
2019-2020,2020-02-08,Everton,Crystal Palace,3,1,H,12:30,Goodison Park,38987.0,David Coote
2019-2020,2020-02-08,Brighton,Watford,1,1,D,17:30,The American Express Community Stadium,30443.0,Kevin Friend
2019-2020,2020-02-09,Sheffield Utd,Bournemouth,2,1,H,14:00,Bramall Lane,30361.0,Jonathan Moss
2019-2020,2020-02-14,Wolves,Leicester City,0,0,D,20:00,Molineux Stadium,31682.0,Mike Dean
2019-2020,2020-02-15,Southampton,Burnley,1,2,A,12:30,St. Mary's Stadium,26302.0,Simon Hooper
2019-2020,2020-02-15,Norwich City,Liverpool,0,1,A,17:30,Carrow Road,27110.0,Stuart Attwell
2019-2020,2020-02-16,Aston Villa,Tottenham,2,3,A,14:00,Villa Park,41874.0,Martin Atkinson
2019-2020,2020-02-16,Arsenal,Newcastle Utd,4,0,H,16:30,Emirates Stadium,60188.0,Lee Mason
2019-2020,2020-02-17,Chelsea,Manchester Utd,0,2,A,20:00,Stamford Bridge,40504.0,Anthony Taylor
2019-2020,2020-02-19,Manchester City,West Ham,2,0,H,19:30,Etihad Stadium,52159.0,Kevin Friend
2019-2020,2020-02-22,Chelsea,Tottenham,2,1,H,12:30,Stamford Bridge,40608.0,Michael Oliver
2019-2020,2020-02-22,Burnley,Bournemouth,3,0,H,15:00,Turf Moor,18227.0,Mike Dean
2019-2020,2020-02-22,Crystal Palace,Newcastle Utd,1,0,H,15:00,Selhurst Park,25486.0,Peter Bankes
2019-2020,2020-02-22,Sheffield Utd,Brighton,1,1,D,15:00,Bramall Lane,31888.0,Graham Scott
2019-2020,2020-02-22,Southampton,Aston Villa,2,0,H,15:00,St. Mary's Stadium,31478.0,Craig Pawson
2019-2020,2020-02-22,Leicester City,Manchester City,0,1,A,17:30,King Power Stadium,32068.0,Paul Tierney
2019-2020,2020-02-23,Wolves,Norwich City,3,0,H,14:00,Molineux Stadium,31046.0,Chris Kavanagh
2019-2020,2020-02-23,Manchester Utd,Watford,3,0,H,14:00,Old Trafford,73347.0,Martin Atkinson
2019-2020,2020-02-23,Arsenal,Everton,3,2,H,16:30,Emirates Stadium,60296.0,Stuart Attwell
2019-2020,2020-02-24,Liverpool,West Ham,3,2,H,20:00,Anfield,53313.0,Jonathan Moss
2019-2020,2020-02-28,Norwich City,Leicester City,1,0,H,20:00,Carrow Road,27010.0,Craig Pawson
2019-2020,2020-02-29,Brighton,Crystal Palace,0,1,A,12:30,The American Express Community Stadium,30124.0,Martin Atkinson
2019-2020,2020-02-29,Bournemouth,Chelsea,2,2,D,15:00,Vitality Stadium,10667.0,Andre Marriner
2019-2020,2020-02-29,Newcastle Utd,Burnley,0,0,D,15:00,St. James' Park,52219.0,Andy Madley
2019-2020,2020-02-29,West Ham,Southampton,3,1,H,15:00,London Stadium,59962.0,Anthony Taylor
2019-2020,2020-02-29,Watford,Liverpool,3,0,H,17:30,Vicarage Road Stadium,21634.0,Michael Oliver
2019-2020,2020-03-01,Everton,Manchester Utd,1,1,D,14:00,Goodison Park,39374.0,Chris Kavanagh
2019-2020,2020-03-01,Tottenham,Wolves,2,3,A,14:00,Tottenham Hotspur Stadium,58064.0,Stuart Attwell
2019-2020,2020-03-07,Liverpool,Bournemouth,2,1,H,12:30,Anfield,53323.0,Paul Tierney
2019-2020,2020-03-07,Wolves,Brighton,0,0,D,15:00,Molineux Stadium,31490.0,Andre Marriner
2019-2020,2020-03-07,Sheffield Utd,Norwich City,1,0,H,15:00,Bramall Lane,31379.0,Simon Hooper
2019-2020,2020-03-07,Arsenal,West Ham,1,0,H,15:00,Emirates Stadium,60335.0,Martin Atkinson
2019-2020,2020-03-07,Crystal Palace,Watford,1,0,H,15:00,Selhurst Park,25461.0,Anthony Taylor
2019-2020,2020-03-07,Southampton,Newcastle Utd,0,1,A,15:00,St. Mary's Stadium,30096.0,Graham Scott
2019-2020,2020-03-07,Burnley,Tottenham,1,1,D,17:30,Turf Moor,20496.0,Jonathan Moss
2019-2020,2020-03-08,Chelsea,Everton,4,0,H,14:00,Stamford Bridge,40694.0,Kevin Friend
2019-2020,2020-03-08,Manchester Utd,Manchester City,2,0,H,16:30,Old Trafford,73288.0,Mike Dean
2019-2020,2020-03-09,Leicester City,Aston Villa,4,0,H,20:00,King Power Stadium,32125.0,Michael Oliver
2019-2020,2020-06-17,Aston Villa,Sheffield Utd,0,0,D,18:00,Villa Park,,Michael Oliver
2019-2020,2020-06-17,Manchester City,Arsenal,3,0,H,20:15,Etihad Stadium,,Anthony Taylor
2019-2020,2020-06-19,Norwich City,Southampton,0,3,A,18:00,Carrow Road,,Kevin Friend
2019-2020,2020-06-19,Tottenham,Manchester Utd,1,1,D,20:15,Tottenham Hotspur Stadium,,Jonathan Moss
2019-2020,2020-06-20,Watford,Leicester City,1,1,D,12:30,Vicarage Road Stadium,,Craig Pawson
2019-2020,2020-06-20,Brighton,Arsenal,2,1,H,15:00,The American Express Community Stadium,,Martin Atkinson
2019-2020,2020-06-20,West Ham,Wolves,0,2,A,17:30,London Stadium,,Anthony Taylor
2019-2020,2020-06-20,Bournemouth,Crystal Palace,0,2,A,19:45,Vitality Stadium,,Stuart Attwell
2019-2020,2020-06-21,Newcastle Utd,Sheffield Utd,3,0,H,14:00,St. James' Park,,David Coote
2019-2020,2020-06-21,Aston Villa,Chelsea,1,2,A,16:15,Villa Park,,Paul Tierney
2019-2020,2020-06-21,Everton,Liverpool,0,0,D,19:00,Goodison Park,,Mike Dean
2019-2020,2020-06-22,Manchester City,Burnley,5,0,H,20:00,Etihad Stadium,,Andre Marriner
2019-2020,2020-06-23,Leicester City,Brighton,0,0,D,18:00,King Power Stadium,,Lee Mason
2019-2020,2020-06-23,Tottenham,West Ham,2,0,H,20:15,Tottenham Hotspur Stadium,,Craig Pawson
2019-2020,2020-06-24,Newcastle Utd,Aston Villa,1,1,D,18:00,St. James' Park,,Chris Kavanagh
2019-2020,2020-06-24,Manchester Utd,Sheffield Utd,3,0,H,18:00,Old Trafford,,Anthony Taylor
2019-2020,2020-06-24,Wolves,Bournemouth,1,0,H,18:00,Molineux Stadium,,Michael Oliver
2019-2020,2020-06-24,Norwich City,Everton,0,1,A,18:00,Carrow Road,,Andy Madley
2019-2020,2020-06-24,Liverpool,Crystal Palace,4,0,H,20:15,Anfield,,Martin Atkinson
2019-2020,2020-06-25,Burnley,Watford,1,0,H,18:00,Turf Moor,,Mike Dean
2019-2020,2020-06-25,Southampton,Arsenal,0,2,A,18:00,St. Mary's Stadium,,Graham Scott
2019-2020,2020-06-25,Chelsea,Manchester City,2,1,H,20:15,Stamford Bridge,,Stuart Attwell
2019-2020,2020-06-27,Aston Villa,Wolves,0,1,A,12:30,Villa Park,,Craig Pawson
2019-2020,2020-06-28,Watford,Southampton,1,3,A,16:30,Vicarage Road Stadium,,Michael Oliver
2019-2020,2020-06-29,Crystal Palace,Burnley,0,1,A,20:00,Selhurst Park,,Simon Hooper
2019-2020,2020-06-30,Brighton,Manchester Utd,0,3,A,20:15,The American Express Community Stadium,,Andre Marriner
2019-2020,2020-07-01,Everton,Leicester City,2,1,H,18:00,Goodison Park,,David Coote
2019-2020,2020-07-01,Bournemouth,Newcastle Utd,1,4,A,18:00,Vitality Stadium,,Kevin Friend
2019-2020,2020-07-01,Arsenal,Norwich City,4,0,H,18:00,Emirates Stadium,,Peter Bankes
2019-2020,2020-07-01,West Ham,Chelsea,3,2,H,20:15,London Stadium,,Martin Atkinson
2019-2020,2020-07-02,Sheffield Utd,Tottenham,3,1,H,18:00,Bramall Lane,,Chris Kavanagh
2019-2020,2020-07-02,Manchester City,Liverpool,4,0,H,20:15,Etihad Stadium,,Anthony Taylor
2019-2020,2020-07-04,Norwich City,Brighton,0,1,A,12:30,Carrow Road,,Stuart Attwell
2019-2020,2020-07-04,Leicester City,Crystal Palace,3,0,H,15:00,King Power Stadium,,Jonathan Moss
2019-2020,2020-07-04,Manchester Utd,Bournemouth,5,2,H,15:00,Old Trafford,,Mike Dean
2019-2020,2020-07-04,Wolves,Arsenal,0,2,A,17:30,Molineux Stadium,,Michael Oliver
2019-2020,2020-07-04,Chelsea,Watford,3,0,H,20:00,Stamford Bridge,,Kevin Friend
2019-2020,2020-07-05,Burnley,Sheffield Utd,1,1,D,12:00,Turf Moor,,Peter Bankes
2019-2020,2020-07-05,Newcastle Utd,West Ham,2,2,D,14:15,St. James' Park,,Craig Pawson
2019-2020,2020-07-05,Liverpool,Aston Villa,2,0,H,16:30,Anfield,,Paul Tierney
2019-2020,2020-07-05,Southampton,Manchester City,1,0,H,19:00,St. Mary's Stadium,,Andre Marriner
2019-2020,2020-07-06,Tottenham,Everton,1,0,H,20:00,Tottenham Hotspur Stadium,,Graham Scott
2019-2020,2020-07-07,Watford,Norwich City,2,1,H,18:00,Vicarage Road Stadium,,Anthony Taylor
2019-2020,2020-07-07,Crystal Palace,Chelsea,2,3,A,18:00,Selhurst Park,,David Coote
2019-2020,2020-07-07,Arsenal,Leicester City,1,1,D,20:15,Emirates Stadium,,Chris Kavanagh
2019-2020,2020-07-08,Manchester City,Newcastle Utd,5,0,H,18:00,Etihad Stadium,,Andy Madley
2019-2020,2020-07-08,Sheffield Utd,Wolves,1,0,H,18:00,Bramall Lane,,Martin Atkinson
2019-2020,2020-07-08,West Ham,Burnley,0,1,A,18:00,London Stadium,,Michael Oliver
2019-2020,2020-07-08,Brighton,Liverpool,1,3,A,20:15,The American Express Community Stadium,,Craig Pawson
2019-2020,2020-07-09,Bournemouth,Tottenham,0,0,D,18:00,Vitality Stadium,,Paul Tierney
2019-2020,2020-07-09,Everton,Southampton,1,1,D,18:00,Goodison Park,,Lee Mason
2019-2020,2020-07-09,Aston Villa,Manchester Utd,0,3,A,20:15,Villa Park,,Jonathan Moss
2019-2020,2020-07-11,Watford,Newcastle Utd,2,1,H,12:30,Vicarage Road Stadium,,Craig Pawson
2019-2020,2020-07-11,Norwich City,West Ham,0,4,A,12:30,Carrow Road,,Kevin Friend
2019-2020,2020-07-11,Liverpool,Burnley,1,1,D,15:00,Anfield,,David Coote
2019-2020,2020-07-11,Sheffield Utd,Chelsea,3,0,H,17:30,Bramall Lane,,Andre Marriner
2019-2020,2020-07-11,Brighton,Manchester City,0,5,A,20:00,The American Express Community Stadium,,Graham Scott
2019-2020,2020-07-12,Wolves,Everton,3,0,H,12:00,Molineux Stadium,,Anthony Taylor
2019-2020,2020-07-12,Aston Villa,Crystal Palace,2,0,H,14:15,Villa Park,,Martin Atkinson
2019-2020,2020-07-12,Tottenham,Arsenal,2,1,H,16:30,Tottenham Hotspur Stadium,,Michael Oliver
2019-2020,2020-07-12,Bournemouth,Leicester City,4,1,H,19:00,Vitality Stadium,,Stuart Attwell
2019-2020,2020-07-13,Manchester Utd,Southampton,2,2,D,20:00,Old Trafford,,Chris Kavanagh
2019-2020,2020-07-14,Chelsea,Norwich City,1,0,H,20:15,Stamford Bridge,,Jonathan Moss
2019-2020,2020-07-15,Burnley,Wolves,1,1,D,18:00,Turf Moor,,Mike Dean
2019-2020,2020-07-15,Manchester City,Bournemouth,2,1,H,18:00,Etihad Stadium,,Lee Mason
2019-2020,2020-07-15,Newcastle Utd,Tottenham,1,3,A,18:00,St. James' Park,,David Coote
2019-2020,2020-07-15,Arsenal,Liverpool,2,1,H,20:15,Emirates Stadium,,Paul Tierney
2019-2020,2020-07-16,Everton,Aston Villa,1,1,D,18:00,Goodison Park,,Anthony Taylor
2019-2020,2020-07-16,Leicester City,Sheffield Utd,2,0,H,18:00,King Power Stadium,,Michael Oliver
2019-2020,2020-07-16,Crystal Palace,Manchester Utd,0,2,A,20:15,Selhurst Park,,Graham Scott
2019-2020,2020-07-16,Southampton,Brighton,1,1,D,20:15,St. Mary's Stadium,,Andre Marriner
2019-2020,2020-07-17,West Ham,Watford,3,1,H,20:00,London Stadium,,Martin Atkinson
2019-2020,2020-07-18,Norwich City,Burnley,0,2,A,17:30,Carrow Road,,Kevin Friend
2019-2020,2020-07-19,Bournemouth,Southampton,0,2,A,14:00,Vitality Stadium,,Craig Pawson
2019-2020,2020-07-19,Tottenham,Leicester City,3,0,H,16:00,Tottenham Hotspur Stadium,,Anthony Taylor
2019-2020,2020-07-20,Brighton,Newcastle Utd,0,0,D,18:00,The American Express Community Stadium,,Simon Hooper
2019-2020,2020-07-20,Sheffield Utd,Everton,0,1,A,18:00,Bramall Lane,,Stuart Attwell
2019-2020,2020-07-20,Wolves,Crystal Palace,2,0,H,20:15,Molineux Stadium,,Peter Bankes
2019-2020,2020-07-21,Watford,Manchester City,0,4,A,18:00,Vicarage Road Stadium,,Michael Oliver
2019-2020,2020-07-21,Aston Villa,Arsenal,1,0,H,20:15,Villa Park,,Chris Kavanagh
2019-2020,2020-07-22,Manchester Utd,West Ham,1,1,D,18:00,Old Trafford,,Paul Tierney
2019-2020,2020-07-22,Liverpool,Chelsea,5,3,H,20:15,Anfield,,Andre Marriner
2019-2020,2020-07-26,Leicester City,Manchester Utd,0,2,A,16:00,King Power Stadium,,Martin Atkinson
2019-2020,2020-07-26,West Ham,Aston Villa,1,1,D,16:00,London Stadium,,Michael Oliver
2019-2020,2020-07-26,Burnley,Brighton,1,2,A,16:00,Turf Moor,,Jonathan Moss
2019-2020,2020-07-26,Arsenal,Watford,3,2,H,16:00,Emirates Stadium,,Mike Dean
2019-2020,2020-07-26,Manchester City,Norwich City,5,0,H,16:00,Etihad Stadium,,Craig Pawson
2019-2020,2020-07-26,Southampton,Sheffield Utd,3,1,H,16:00,St. Mary's Stadium,,Peter Bankes
2019-2020,2020-07-26,Everton,Bournemouth,1,3,A,16:00,Goodison Park,,Chris Kavanagh
2019-2020,2020-07-26,Chelsea,Wolves,2,0,H,16:00,Stamford Bridge,,Stuart Attwell
2019-2020,2020-07-26,Crystal Palace,Tottenham,1,1,D,16:00,Selhurst Park,,Andre Marriner
2019-2020,2020-07-26,Newcastle Utd,Liverpool,1,3,A,16:00,St. James' Park,,Anthony Taylor
2020-2021,2020-09-12,Fulham,Arsenal,0,3,A,12:30,Craven Cottage,,Chris Kavanagh
2020-2021,2020-09-12,Crystal Palace,Southampton,1,0,H,15:00,Selhurst Park,,Jonathan Moss
2020-2021,2020-09-12,Liverpool,Leeds United,4,3,H,17:30,Anfield,,Michael Oliver
2020-2021,2020-09-12,West Ham,Newcastle Utd,0,2,A,20:00,London Stadium,,Stuart Attwell
2020-2021,2020-09-13,West Brom,Leicester City,0,3,A,14:00,The Hawthorns,,Anthony Taylor
2020-2021,2020-09-13,Tottenham,Everton,0,1,A,16:30,Tottenham Hotspur Stadium,,Martin Atkinson
2020-2021,2020-09-14,Sheffield Utd,Wolves,0,2,A,18:00,Bramall Lane,,Mike Dean
2020-2021,2020-09-14,Brighton,Chelsea,1,3,A,20:15,The American Express Community Stadium,,Craig Pawson
2020-2021,2020-09-19,Everton,West Brom,5,2,H,12:30,Goodison Park,,Mike Dean
2020-2021,2020-09-19,Leeds United,Fulham,4,3,H,15:00,Elland Road,,Anthony Taylor
2020-2021,2020-09-19,Manchester Utd,Crystal Palace,1,3,A,17:30,Old Trafford,,Martin Atkinson
2020-2021,2020-09-19,Arsenal,West Ham,2,1,H,20:00,Emirates Stadium,,Michael Oliver
2020-2021,2020-09-20,Southampton,Tottenham,2,5,A,12:00,St. Mary's Stadium,,David Coote
2020-2021,2020-09-20,Newcastle Utd,Brighton,0,3,A,14:00,St. James' Park,,Kevin Friend
2020-2021,2020-09-20,Chelsea,Liverpool,0,2,A,16:30,Stamford Bridge,,Paul Tierney
2020-2021,2020-09-20,Leicester City,Burnley,4,2,H,19:00,King Power Stadium,,Lee Mason
2020-2021,2020-09-21,Aston Villa,Sheffield Utd,1,0,H,18:00,Villa Park,,Graham Scott
2020-2021,2020-09-21,Wolves,Manchester City,1,3,A,20:15,Molineux Stadium,,Andre Marriner
2020-2021,2020-09-26,Brighton,Manchester Utd,2,3,A,12:30,The American Express Community Stadium,,Chris Kavanagh
2020-2021,2020-09-26,Crystal Palace,Everton,1,2,A,15:00,Selhurst Park,,Kevin Friend
2020-2021,2020-09-26,West Brom,Chelsea,3,3,D,17:30,The Hawthorns,,Jonathan Moss
2020-2021,2020-09-26,Burnley,Southampton,0,1,A,20:00,Turf Moor,,Andre Marriner
2020-2021,2020-09-27,Sheffield Utd,Leeds United,0,1,A,12:00,Bramall Lane,,Paul Tierney
2020-2021,2020-09-27,Tottenham,Newcastle Utd,1,1,D,14:00,Tottenham Hotspur Stadium,,Peter Bankes
2020-2021,2020-09-27,Manchester City,Leicester City,2,5,A,16:30,Etihad Stadium,,Michael Oliver
2020-2021,2020-09-27,West Ham,Wolves,4,0,H,19:00,London Stadium,,Martin Atkinson
2020-2021,2020-09-28,Fulham,Aston Villa,0,3,A,17:45,Craven Cottage,,Stuart Attwell
2020-2021,2020-09-28,Liverpool,Arsenal,3,1,H,20:00,Anfield,,Craig Pawson
2020-2021,2020-10-03,Chelsea,Crystal Palace,4,0,H,12:30,Stamford Bridge,,Michael Oliver
2020-2021,2020-10-03,Everton,Brighton,4,2,H,15:00,Goodison Park,,Simon Hooper
2020-2021,2020-10-03,Leeds United,Manchester City,1,1,D,17:30,Elland Road,,Mike Dean
2020-2021,2020-10-03,Newcastle Utd,Burnley,3,1,H,20:00,St. James' Park,,David Coote
2020-2021,2020-10-04,Leicester City,West Ham,0,3,A,12:00,King Power Stadium,,Andy Madley
2020-2021,2020-10-04,Southampton,West Brom,2,0,H,12:00,St. Mary's Stadium,,Chris Kavanagh
2020-2021,2020-10-04,Arsenal,Sheffield Utd,2,1,H,14:00,Emirates Stadium,,Lee Mason
2020-2021,2020-10-04,Wolves,Fulham,1,0,H,14:00,Molineux Stadium,,Darren England
2020-2021,2020-10-04,Manchester Utd,Tottenham,1,6,A,16:30,Old Trafford,,Anthony Taylor
2020-2021,2020-10-04,Aston Villa,Liverpool,7,2,H,19:15,Villa Park,,Martin Atkinson
2020-2021,2020-10-17,Everton,Liverpool,2,2,D,12:30,Goodison Park,,Michael Oliver
2020-2021,2020-10-17,Chelsea,Southampton,3,3,D,15:00,Stamford Bridge,,Peter Bankes
2020-2021,2020-10-17,Manchester City,Arsenal,1,0,H,17:30,Etihad Stadium,,Chris Kavanagh
2020-2021,2020-10-17,Newcastle Utd,Manchester Utd,1,4,A,20:00,St. James' Park,,Craig Pawson
2020-2021,2020-10-18,Sheffield Utd,Fulham,1,1,D,12:00,Bramall Lane,,Andre Marriner
2020-2021,2020-10-18,Crystal Palace,Brighton,1,1,D,14:00,Selhurst Park,,Stuart Attwell
2020-2021,2020-10-18,Tottenham,West Ham,3,3,D,16:30,Tottenham Hotspur Stadium,,Paul Tierney
2020-2021,2020-10-18,Leicester City,Aston Villa,0,1,A,19:15,King Power Stadium,,Jonathan Moss
2020-2021,2020-10-19,West Brom,Burnley,0,0,D,17:30,The Hawthorns,,Anthony Taylor
2020-2021,2020-10-19,Leeds United,Wolves,0,1,A,20:00,Elland Road,,David Coote
2020-2021,2020-10-23,Aston Villa,Leeds United,0,3,A,20:00,Villa Park,,Paul Tierney
2020-2021,2020-10-24,West Ham,Manchester City,1,1,D,12:30,London Stadium,,Anthony Taylor
2020-2021,2020-10-24,Fulham,Crystal Palace,1,2,A,15:00,Craven Cottage,,Graham Scott
2020-2021,2020-10-24,Manchester Utd,Chelsea,0,0,D,17:30,Old Trafford,,Martin Atkinson
2020-2021,2020-10-24,Liverpool,Sheffield Utd,2,1,H,20:00,Anfield,,Mike Dean
2020-2021,2020-10-25,Southampton,Everton,2,0,H,14:00,St. Mary's Stadium,,Kevin Friend
2020-2021,2020-10-25,Wolves,Newcastle Utd,1,1,D,16:30,Molineux Stadium,,Lee Mason
2020-2021,2020-10-25,Arsenal,Leicester City,0,1,A,19:15,Emirates Stadium,,Craig Pawson
2020-2021,2020-10-26,Brighton,West Brom,1,1,D,17:30,The American Express Community Stadium,,Jonathan Moss
2020-2021,2020-10-26,Burnley,Tottenham,0,1,A,20:00,Turf Moor,,Michael Oliver
2020-2021,2020-10-30,Wolves,Crystal Palace,2,0,H,20:00,Molineux Stadium,,Martin Atkinson
2020-2021,2020-10-31,Sheffield Utd,Manchester City,0,1,A,12:30,Bramall Lane,,Michael Oliver
2020-2021,2020-10-31,Burnley,Chelsea,0,3,A,15:00,Turf Moor,,David Coote
2020-2021,2020-10-31,Liverpool,West Ham,2,1,H,17:30,Anfield,,Kevin Friend
2020-2021,2020-11-01,Aston Villa,Southampton,3,4,A,12:00,Villa Park,,Darren England
2020-2021,2020-11-01,Newcastle Utd,Everton,2,1,H,14:00,St. James' Park,,Stuart Attwell
2020-2021,2020-11-01,Manchester Utd,Arsenal,0,1,A,16:30,Old Trafford,,Mike Dean
2020-2021,2020-11-01,Tottenham,Brighton,2,1,H,19:15,Tottenham Hotspur Stadium,,Graham Scott
2020-2021,2020-11-02,Fulham,West Brom,2,0,H,17:30,Craven Cottage,,Simon Hooper
2020-2021,2020-11-02,Leeds United,Leicester City,1,4,A,20:00,Elland Road,,Andre Marriner
2020-2021,2020-11-06,Brighton,Burnley,0,0,D,17:30,The American Express Community Stadium,,Mike Dean
2020-2021,2020-11-06,Southampton,Newcastle Utd,2,0,H,20:00,St. Mary's Stadium,,Peter Bankes
2020-2021,2020-11-07,Everton,Manchester Utd,1,3,A,12:30,Goodison Park,,Paul Tierney
2020-2021,2020-11-07,Crystal Palace,Leeds United,4,1,H,15:00,Selhurst Park,,Chris Kavanagh
2020-2021,2020-11-07,Chelsea,Sheffield Utd,4,1,H,17:30,Stamford Bridge,,Jonathan Moss
2020-2021,2020-11-07,West Ham,Fulham,1,0,H,20:00,London Stadium,,Robert Jones
2020-2021,2020-11-08,West Brom,Tottenham,0,1,A,12:00,The Hawthorns,,Andy Madley
2020-2021,2020-11-08,Leicester City,Wolves,1,0,H,14:00,King Power Stadium,,Anthony Taylor
2020-2021,2020-11-08,Manchester City,Liverpool,1,1,D,16:30,Etihad Stadium,,Craig Pawson
2020-2021,2020-11-08,Arsenal,Aston Villa,0,3,A,19:15,Emirates Stadium,,Martin Atkinson
2020-2021,2020-11-21,Newcastle Utd,Chelsea,0,2,A,12:30,St. James' Park,,Craig Pawson
2020-2021,2020-11-21,Aston Villa,Brighton,1,2,A,15:00,Villa Park,,Michael Oliver
2020-2021,2020-11-21,Tottenham,Manchester City,2,0,H,17:30,Tottenham Hotspur Stadium,,Mike Dean
2020-2021,2020-11-21,Manchester Utd,West Brom,1,0,H,20:00,Old Trafford,,David Coote
2020-2021,2020-11-22,Fulham,Everton,2,3,A,12:00,Craven Cottage,,Andy Madley
2020-2021,2020-11-22,Sheffield Utd,West Ham,0,1,A,14:00,Bramall Lane,,Martin Atkinson
2020-2021,2020-11-22,Leeds United,Arsenal,0,0,D,16:30,Elland Road,,Anthony Taylor
2020-2021,2020-11-22,Liverpool,Leicester City,3,0,H,19:15,Anfield,,Chris Kavanagh
2020-2021,2020-11-23,Burnley,Crystal Palace,1,0,H,17:30,Turf Moor,,Kevin Friend
2020-2021,2020-11-23,Wolves,Southampton,1,1,D,20:00,Molineux Stadium,,Andre Marriner
2020-2021,2020-11-27,Crystal Palace,Newcastle Utd,0,2,A,20:00,Selhurst Park,,Graham Scott
2020-2021,2020-11-28,Brighton,Liverpool,1,1,D,12:30,The American Express Community Stadium,,Stuart Attwell
2020-2021,2020-11-28,Manchester City,Burnley,5,0,H,15:00,Etihad Stadium,,Lee Mason
2020-2021,2020-11-28,Everton,Leeds United,0,1,A,17:30,Goodison Park,,Chris Kavanagh
2020-2021,2020-11-28,West Brom,Sheffield Utd,1,0,H,20:00,The Hawthorns,,Mike Dean
2020-2021,2020-11-29,Southampton,Manchester Utd,2,3,A,14:00,St. Mary's Stadium,,Jonathan Moss
2020-2021,2020-11-29,Chelsea,Tottenham,0,0,D,16:30,Stamford Bridge,,Paul Tierney
2020-2021,2020-11-29,Arsenal,Wolves,1,2,A,19:15,Emirates Stadium,,Michael Oliver
2020-2021,2020-11-30,Leicester City,Fulham,1,2,A,17:30,King Power Stadium,,Simon Hooper
2020-2021,2020-11-30,West Ham,Aston Villa,2,1,H,20:00,London Stadium,,Peter Bankes
2020-2021,2020-12-05,Burnley,Everton,1,1,D,12:30,Turf Moor,,Anthony Taylor
2020-2021,2020-12-05,Manchester City,Fulham,2,0,H,15:00,Etihad Stadium,,Jonathan Moss
2020-2021,2020-12-05,West Ham,Manchester Utd,1,3,A,17:30,London Stadium,2000.0,Andre Marriner
2020-2021,2020-12-05,Chelsea,Leeds United,3,1,H,20:00,Stamford Bridge,2000.0,Kevin Friend
2020-2021,2020-12-06,West Brom,Crystal Palace,1,5,A,12:00,The Hawthorns,,Paul Tierney
2020-2021,2020-12-06,Sheffield Utd,Leicester City,1,2,A,14:15,Bramall Lane,,Stuart Attwell
2020-2021,2020-12-06,Tottenham,Arsenal,2,0,H,16:30,Tottenham Hotspur Stadium,2000.0,Martin Atkinson
2020-2021,2020-12-06,Liverpool,Wolves,4,0,H,19:15,Anfield,2000.0,Craig Pawson
2020-2021,2020-12-07,Brighton,Southampton,1,2,A,20:00,The American Express Community Stadium,2000.0,David Coote
2020-2021,2020-12-11,Leeds United,West Ham,1,2,A,20:00,Elland Road,,Michael Oliver
2020-2021,2020-12-12,Wolves,Aston Villa,0,1,A,12:30,Molineux Stadium,,Mike Dean
2020-2021,2020-12-12,Newcastle Utd,West Brom,2,1,H,15:00,St. James' Park,,Darren England
2020-2021,2020-12-12,Manchester Utd,Manchester City,0,0,D,17:30,Old Trafford,,Chris Kavanagh
2020-2021,2020-12-12,Everton,Chelsea,1,0,H,20:00,Goodison Park,2000.0,Jonathan Moss
2020-2021,2020-12-13,Southampton,Sheffield Utd,3,0,H,12:00,St. Mary's Stadium,2000.0,Andy Madley
2020-2021,2020-12-13,Crystal Palace,Tottenham,1,1,D,14:15,Selhurst Park,2000.0,Kevin Friend
2020-2021,2020-12-13,Fulham,Liverpool,1,1,D,16:30,Craven Cottage,2000.0,Andre Marriner
2020-2021,2020-12-13,Arsenal,Burnley,0,1,A,19:15,Emirates Stadium,2000.0,Graham Scott
2020-2021,2020-12-13,Leicester City,Brighton,3,0,H,19:15,King Power Stadium,,Martin Atkinson
2020-2021,2020-12-15,Wolves,Chelsea,2,1,H,18:00,Molineux Stadium,,Stuart Attwell
2020-2021,2020-12-15,Manchester City,West Brom,1,1,D,20:00,Etihad Stadium,,Peter Bankes
2020-2021,2020-12-16,Leeds United,Newcastle Utd,5,2,H,18:00,Elland Road,,Simon Hooper
2020-2021,2020-12-16,Leicester City,Everton,0,2,A,18:00,King Power Stadium,,Lee Mason
2020-2021,2020-12-16,Arsenal,Southampton,1,1,D,18:00,Emirates Stadium,,Paul Tierney
2020-2021,2020-12-16,Fulham,Brighton,0,0,D,20:00,Craven Cottage,,Robert Jones
2020-2021,2020-12-16,Liverpool,Tottenham,2,1,H,20:00,Anfield,2000.0,Anthony Taylor
2020-2021,2020-12-16,West Ham,Crystal Palace,1,1,D,20:00,London Stadium,,David Coote
2020-2021,2020-12-17,Aston Villa,Burnley,0,0,D,18:00,Villa Park,,Craig Pawson
2020-2021,2020-12-17,Sheffield Utd,Manchester Utd,2,3,A,20:00,Bramall Lane,,Michael Oliver
2020-2021,2020-12-19,Crystal Palace,Liverpool,0,7,A,12:30,Selhurst Park,,Jonathan Moss
2020-2021,2020-12-19,Southampton,Manchester City,0,1,A,15:00,St. Mary's Stadium,,Mike Dean
2020-2021,2020-12-19,Everton,Arsenal,2,1,H,17:30,Goodison Park,,Andre Marriner
2020-2021,2020-12-19,Newcastle Utd,Fulham,1,1,D,20:00,St. James' Park,,Graham Scott
2020-2021,2020-12-20,Brighton,Sheffield Utd,1,1,D,12:00,The American Express Community Stadium,,Peter Bankes
2020-2021,2020-12-20,Tottenham,Leicester City,0,2,A,14:15,Tottenham Hotspur Stadium,,Craig Pawson
2020-2021,2020-12-20,Manchester Utd,Leeds United,6,2,H,16:30,Old Trafford,,Anthony Taylor
2020-2021,2020-12-20,West Brom,Aston Villa,0,3,A,19:15,The Hawthorns,,Martin Atkinson
2020-2021,2020-12-21,Burnley,Wolves,2,1,H,17:30,Turf Moor,,Lee Mason
2020-2021,2020-12-21,Chelsea,West Ham,3,0,H,20:00,Stamford Bridge,,Chris Kavanagh
2020-2021,2020-12-26,Leicester City,Manchester Utd,2,2,D,12:30,King Power Stadium,,Mike Dean
2020-2021,2020-12-26,Aston Villa,Crystal Palace,3,0,H,15:00,Villa Park,,Anthony Taylor
2020-2021,2020-12-26,Fulham,Southampton,0,0,D,15:00,Craven Cottage,,Darren England
2020-2021,2020-12-26,Arsenal,Chelsea,3,1,H,17:30,Emirates Stadium,,Michael Oliver
2020-2021,2020-12-26,Sheffield Utd,Everton,0,1,A,20:00,Bramall Lane,,David Coote
2020-2021,2020-12-26,Manchester City,Newcastle Utd,2,0,H,20:00,Etihad Stadium,,Andre Marriner
2020-2021,2020-12-27,Leeds United,Burnley,1,0,H,12:00,Elland Road,,Robert Jones
2020-2021,2020-12-27,West Ham,Brighton,2,2,D,14:15,London Stadium,,Simon Hooper
2020-2021,2020-12-27,Liverpool,West Brom,1,1,D,16:30,Anfield,2000.0,Kevin Friend
2020-2021,2020-12-27,Wolves,Tottenham,1,1,D,19:15,Molineux Stadium,,Paul Tierney
2020-2021,2020-12-28,Crystal Palace,Leicester City,1,1,D,15:00,Selhurst Park,,Graham Scott
2020-2021,2020-12-28,Chelsea,Aston Villa,1,1,D,17:30,Stamford Bridge,,Stuart Attwell
2020-2021,2020-12-29,Burnley,Sheffield Utd,1,0,H,18:00,Turf Moor,,Chris Kavanagh
2020-2021,2020-12-29,West Brom,Leeds United,0,5,A,18:00,The Hawthorns,,Lee Mason
2020-2021,2020-12-29,Brighton,Arsenal,0,1,A,18:00,The American Express Community Stadium,,Martin Atkinson
2020-2021,2020-12-29,Southampton,West Ham,0,0,D,18:00,St. Mary's Stadium,,Andy Madley
2020-2021,2020-12-29,Manchester Utd,Wolves,1,0,H,20:00,Old Trafford,,Jonathan Moss
2020-2021,2020-12-30,Newcastle Utd,Liverpool,0,0,D,20:00,St. James' Park,,Paul Tierney
2020-2021,2021-01-01,Everton,West Ham,0,1,A,17:30,Goodison Park,,Kevin Friend
2020-2021,2021-01-01,Manchester Utd,Aston Villa,2,1,H,20:00,Old Trafford,,Michael Oliver
2020-2021,2021-01-02,Tottenham,Leeds United,3,0,H,12:30,Tottenham Hotspur Stadium,,David Coote
2020-2021,2021-01-02,Crystal Palace,Sheffield Utd,2,0,H,15:00,Selhurst Park,,Stuart Attwell
2020-2021,2021-01-02,Brighton,Wolves,3,3,D,17:30,The American Express Community Stadium,,Andy Madley
2020-2021,2021-01-02,West Brom,Arsenal,0,4,A,20:00,The Hawthorns,,Martin Atkinson
2020-2021,2021-01-03,Newcastle Utd,Leicester City,1,2,A,14:15,St. James' Park,,Robert Jones
2020-2021,2021-01-03,Chelsea,Manchester City,1,3,A,16:30,Stamford Bridge,,Anthony Taylor
2020-2021,2021-01-04,Southampton,Liverpool,1,0,H,20:00,St. Mary's Stadium,,Andre Marriner
2020-2021,2021-01-12,Sheffield Utd,Newcastle Utd,1,0,H,18:00,Bramall Lane,,Andy Madley
2020-2021,2021-01-12,Burnley,Manchester Utd,0,1,A,20:15,Turf Moor,,Kevin Friend
2020-2021,2021-01-12,Wolves,Everton,1,2,A,20:15,Molineux Stadium,,Martin Atkinson
2020-2021,2021-01-13,Manchester City,Brighton,1,0,H,18:00,Etihad Stadium,,Darren England
2020-2021,2021-01-13,Tottenham,Fulham,1,1,D,20:15,Tottenham Hotspur Stadium,,Paul Tierney
2020-2021,2021-01-14,Arsenal,Crystal Palace,0,0,D,20:00,Emirates Stadium,,Andre Marriner
2020-2021,2021-01-16,Wolves,West Brom,2,3,A,12:30,Molineux Stadium,,Michael Oliver
2020-2021,2021-01-16,West Ham,Burnley,1,0,H,15:00,London Stadium,,Chris Kavanagh
2020-2021,2021-01-16,Leeds United,Brighton,0,1,A,15:00,Elland Road,,Kevin Friend
2020-2021,2021-01-16,Fulham,Chelsea,0,1,A,17:30,Craven Cottage,,Peter Bankes
2020-2021,2021-01-16,Leicester City,Southampton,2,0,H,20:00,King Power Stadium,,Stuart Attwell
2020-2021,2021-01-17,Sheffield Utd,Tottenham,1,3,A,14:00,Bramall Lane,,Andre Marriner
2020-2021,2021-01-17,Liverpool,Manchester Utd,0,0,D,16:30,Anfield,,Paul Tierney
2020-2021,2021-01-17,Manchester City,Crystal Palace,4,0,H,19:15,Etihad Stadium,,Lee Mason
2020-2021,2021-01-18,Arsenal,Newcastle Utd,3,0,H,20:00,Emirates Stadium,,David Coote
2020-2021,2021-01-19,West Ham,West Brom,2,1,H,18:00,London Stadium,,Graham Scott
2020-2021,2021-01-19,Leicester City,Chelsea,2,0,H,20:15,King Power Stadium,,Craig Pawson
2020-2021,2021-01-20,Manchester City,Aston Villa,2,0,H,18:00,Etihad Stadium,,Jonathan Moss
2020-2021,2021-01-20,Fulham,Manchester Utd,1,2,A,20:15,Craven Cottage,,Martin Atkinson
2020-2021,2021-01-21,Liverpool,Burnley,0,1,A,20:00,Anfield,,Mike Dean
2020-2021,2021-01-23,Aston Villa,Newcastle Utd,2,0,H,20:00,Villa Park,,Simon Hooper
2020-2021,2021-01-26,Newcastle Utd,Leeds United,1,2,A,18:00,St. James' Park,,Anthony Taylor
2020-2021,2021-01-26,Crystal Palace,West Ham,2,3,A,18:00,Selhurst Park,,Stuart Attwell
2020-2021,2021-01-26,Southampton,Arsenal,1,3,A,20:15,St. Mary's Stadium,,Kevin Friend
2020-2021,2021-01-26,West Brom,Manchester City,0,5,A,20:15,The Hawthorns,,Chris Kavanagh
2020-2021,2021-01-27,Burnley,Aston Villa,3,2,H,18:00,Turf Moor,,Paul Tierney
2020-2021,2021-01-27,Chelsea,Wolves,0,0,D,18:00,Stamford Bridge,,Andy Madley
2020-2021,2021-01-27,Brighton,Fulham,0,0,D,19:30,The American Express Community Stadium,,Craig Pawson
2020-2021,2021-01-27,Everton,Leicester City,1,1,D,20:15,Goodison Park,,Mike Dean
2020-2021,2021-01-27,Manchester Utd,Sheffield Utd,1,2,A,20:15,Old Trafford,,Peter Bankes
2020-2021,2021-01-28,Tottenham,Liverpool,1,3,A,20:00,Tottenham Hotspur Stadium,,Martin Atkinson
2020-2021,2021-01-30,Everton,Newcastle Utd,0,2,A,12:30,Goodison Park,,Stuart Attwell
2020-2021,2021-01-30,West Brom,Fulham,2,2,D,15:00,The Hawthorns,,Anthony Taylor
2020-2021,2021-01-30,Manchester City,Sheffield Utd,1,0,H,15:00,Etihad Stadium,,David Coote
2020-2021,2021-01-30,Crystal Palace,Wolves,1,0,H,15:00,Selhurst Park,,Simon Hooper
2020-2021,2021-01-30,Arsenal,Manchester Utd,0,0,D,17:30,Emirates Stadium,,Michael Oliver
2020-2021,2021-01-30,Southampton,Aston Villa,0,1,A,20:00,St. Mary's Stadium,,Lee Mason
2020-2021,2021-01-31,Chelsea,Burnley,2,0,H,12:00,Stamford Bridge,,Graham Scott
2020-2021,2021-01-31,Leicester City,Leeds United,1,3,A,14:00,King Power Stadium,,Chris Kavanagh
2020-2021,2021-01-31,West Ham,Liverpool,1,3,A,16:30,London Stadium,,Jonathan Moss
2020-2021,2021-01-31,Brighton,Tottenham,1,0,H,19:15,The American Express Community Stadium,,Peter Bankes
2020-2021,2021-02-02,Wolves,Arsenal,2,1,H,18:00,Molineux Stadium,,Craig Pawson
2020-2021,2021-02-02,Sheffield Utd,West Brom,2,1,H,18:00,Bramall Lane,,Paul Tierney
2020-2021,2021-02-02,Newcastle Utd,Crystal Palace,1,2,A,20:15,St. James' Park,,Darren England
2020-2021,2021-02-02,Manchester Utd,Southampton,9,0,H,20:15,Old Trafford,,Mike Dean
2020-2021,2021-02-03,Fulham,Leicester City,0,2,A,18:00,Craven Cottage,,Robert Jones
2020-2021,2021-02-03,Burnley,Manchester City,0,2,A,18:00,Turf Moor,,Martin Atkinson
2020-2021,2021-02-03,Leeds United,Everton,1,2,A,19:30,Elland Road,,Michael Oliver
2020-2021,2021-02-03,Liverpool,Brighton,0,1,A,20:15,Anfield,,Kevin Friend
2020-2021,2021-02-03,Aston Villa,West Ham,1,3,A,20:15,Villa Park,,Andy Madley
2020-2021,2021-02-04,Tottenham,Chelsea,0,1,A,20:00,Tottenham Hotspur Stadium,,Andre Marriner
2020-2021,2021-02-06,Aston Villa,Arsenal,1,0,H,12:30,Villa Park,,Chris Kavanagh
2020-2021,2021-02-06,Newcastle Utd,Southampton,3,2,H,15:00,St. James' Park,,Craig Pawson
2020-2021,2021-02-06,Burnley,Brighton,1,1,D,15:00,Turf Moor,,Anthony Taylor
2020-2021,2021-02-06,Fulham,West Ham,0,0,D,17:30,Craven Cottage,,Mike Dean
2020-2021,2021-02-06,Manchester Utd,Everton,3,3,D,20:00,Old Trafford,,Jonathan Moss
2020-2021,2021-02-07,Tottenham,West Brom,2,0,H,12:00,Tottenham Hotspur Stadium,,Stuart Attwell
2020-2021,2021-02-07,Wolves,Leicester City,0,0,D,14:00,Molineux Stadium,,Martin Atkinson
2020-2021,2021-02-07,Liverpool,Manchester City,1,4,A,16:30,Anfield,,Michael Oliver
2020-2021,2021-02-07,Sheffield Utd,Chelsea,1,2,A,19:15,Bramall Lane,,Kevin Friend
2020-2021,2021-02-08,Leeds United,Crystal Palace,2,0,H,20:00,Elland Road,,Andre Marriner
2020-2021,2021-02-13,Leicester City,Liverpool,3,1,H,12:30,King Power Stadium,,Anthony Taylor
2020-2021,2021-02-13,Crystal Palace,Burnley,0,3,A,15:00,Selhurst Park,,Michael Oliver
2020-2021,2021-02-13,Manchester City,Tottenham,3,0,H,17:30,Etihad Stadium,,Paul Tierney
2020-2021,2021-02-13,Brighton,Aston Villa,0,0,D,20:00,The American Express Community Stadium,,Darren England
2020-2021,2021-02-14,Southampton,Wolves,1,2,A,12:00,St. Mary's Stadium,,Graham Scott
2020-2021,2021-02-14,West Brom,Manchester Utd,1,1,D,14:00,The Hawthorns,,Craig Pawson
2020-2021,2021-02-14,Arsenal,Leeds United,4,2,H,16:30,Emirates Stadium,,Stuart Attwell
2020-2021,2021-02-14,Everton,Fulham,0,2,A,19:00,Goodison Park,,Andy Madley
2020-2021,2021-02-15,West Ham,Sheffield Utd,3,0,H,18:00,London Stadium,,Simon Hooper
2020-2021,2021-02-15,Chelsea,Newcastle Utd,2,0,H,20:00,Stamford Bridge,,Peter Bankes
2020-2021,2021-02-17,Burnley,Fulham,1,1,D,18:00,Turf Moor,,Jonathan Moss
2020-2021,2021-02-17,Everton,Manchester City,1,3,A,20:15,Goodison Park,,Andre Marriner
2020-2021,2021-02-19,Wolves,Leeds United,1,0,H,20:00,Molineux Stadium,,David Coote
2020-2021,2021-02-20,Southampton,Chelsea,1,1,D,12:30,St. Mary's Stadium,,Anthony Taylor
2020-2021,2021-02-20,Burnley,West Brom,0,0,D,15:00,Turf Moor,,Mike Dean
2020-2021,2021-02-20,Liverpool,Everton,0,2,A,17:30,Anfield,,Chris Kavanagh
2020-2021,2021-02-20,Fulham,Sheffield Utd,1,0,H,20:00,Craven Cottage,,Martin Atkinson
2020-2021,2021-02-21,West Ham,Tottenham,2,1,H,12:00,London Stadium,,Craig Pawson
2020-2021,2021-02-21,Aston Villa,Leicester City,1,2,A,14:05,Villa Park,,Michael Oliver
2020-2021,2021-02-21,Arsenal,Manchester City,0,1,A,16:30,Emirates Stadium,,Jonathan Moss
2020-2021,2021-02-21,Manchester Utd,Newcastle Utd,3,1,H,19:00,Old Trafford,,Paul Tierney
2020-2021,2021-02-22,Brighton,Crystal Palace,1,2,A,20:00,The American Express Community Stadium,,Kevin Friend
2020-2021,2021-02-23,Leeds United,Southampton,3,0,H,18:00,Elland Road,,Andre Marriner
2020-2021,2021-02-27,Manchester City,West Ham,2,1,H,12:30,Etihad Stadium,,Michael Oliver
2020-2021,2021-02-27,West Brom,Brighton,1,0,H,15:00,The Hawthorns,,Lee Mason
2020-2021,2021-02-27,Leeds United,Aston Villa,0,1,A,17:30,Elland Road,,Peter Bankes
2020-2021,2021-02-27,Newcastle Utd,Wolves,1,1,D,20:00,St. James' Park,,Mike Dean
2020-2021,2021-02-28,Leicester City,Arsenal,1,3,A,12:00,King Power Stadium,,Paul Tierney
2020-2021,2021-02-28,Crystal Palace,Fulham,0,0,D,12:00,Selhurst Park,,Anthony Taylor
2020-2021,2021-02-28,Tottenham,Burnley,4,0,H,14:00,Tottenham Hotspur Stadium,,Kevin Friend
2020-2021,2021-02-28,Chelsea,Manchester Utd,0,0,D,16:30,Stamford Bridge,,Stuart Attwell
2020-2021,2021-02-28,Sheffield Utd,Liverpool,0,2,A,19:15,Bramall Lane,,Jonathan Moss
2020-2021,2021-03-01,Everton,Southampton,1,0,H,20:00,Goodison Park,,Martin Atkinson
2020-2021,2021-03-02,Manchester City,Wolves,4,1,H,20:00,Etihad Stadium,,Chris Kavanagh
2020-2021,2021-03-03,Burnley,Leicester City,1,1,D,18:00,Turf Moor,,Andy Madley
2020-2021,2021-03-03,Sheffield Utd,Aston Villa,1,0,H,18:00,Bramall Lane,,Robert Jones
2020-2021,2021-03-03,Crystal Palace,Manchester Utd,0,0,D,20:15,Selhurst Park,,Andre Marriner
2020-2021,2021-03-04,West Brom,Everton,0,1,A,18:00,The Hawthorns,,Darren England
2020-2021,2021-03-04,Fulham,Tottenham,0,1,A,18:00,Craven Cottage,,David Coote
2020-2021,2021-03-04,Liverpool,Chelsea,0,1,A,20:15,Anfield,,Martin Atkinson
2020-2021,2021-03-06,Burnley,Arsenal,1,1,D,12:30,Turf Moor,,Andre Marriner
2020-2021,2021-03-06,Sheffield Utd,Southampton,0,2,A,15:00,Bramall Lane,,Paul Tierney
2020-2021,2021-03-06,Aston Villa,Wolves,0,0,D,17:30,Villa Park,,Andy Madley
2020-2021,2021-03-06,Brighton,Leicester City,1,2,A,20:00,The American Express Community Stadium,,Michael Oliver
2020-2021,2021-03-07,West Brom,Newcastle Utd,0,0,D,12:00,The Hawthorns,,Martin Atkinson
2020-2021,2021-03-07,Liverpool,Fulham,0,1,A,14:00,Anfield,,Kevin Friend
2020-2021,2021-03-07,Manchester City,Manchester Utd,0,2,A,16:30,Etihad Stadium,,Anthony Taylor
2020-2021,2021-03-07,Tottenham,Crystal Palace,4,1,H,19:15,Tottenham Hotspur Stadium,,Stuart Attwell
2020-2021,2021-03-08,Chelsea,Everton,2,0,H,18:00,Stamford Bridge,,David Coote
2020-2021,2021-03-08,West Ham,Leeds United,2,0,H,20:00,London Stadium,,Mike Dean
2020-2021,2021-03-10,Manchester City,Southampton,5,2,H,18:00,Etihad Stadium,,Jonathan Moss
2020-2021,2021-03-12,Newcastle Utd,Aston Villa,1,1,D,20:00,St. James' Park,,Paul Tierney
2020-2021,2021-03-13,Leeds United,Chelsea,0,0,D,12:30,Elland Road,,Kevin Friend
2020-2021,2021-03-13,Crystal Palace,West Brom,1,0,H,15:00,Selhurst Park,,Simon Hooper
2020-2021,2021-03-13,Everton,Burnley,1,2,A,17:30,Goodison Park,,Jonathan Moss
2020-2021,2021-03-13,Fulham,Manchester City,0,3,A,20:00,Craven Cottage,,Andre Marriner
2020-2021,2021-03-14,Southampton,Brighton,1,2,A,12:00,St. Mary's Stadium,,Stuart Attwell
2020-2021,2021-03-14,Leicester City,Sheffield Utd,5,0,H,14:00,King Power Stadium,,Peter Bankes
2020-2021,2021-03-14,Arsenal,Tottenham,2,1,H,16:30,Emirates Stadium,,Michael Oliver
2020-2021,2021-03-14,Manchester Utd,West Ham,1,0,H,19:15,Old Trafford,,Martin Atkinson
2020-2021,2021-03-15,Wolves,Liverpool,0,1,A,20:00,Molineux Stadium,,Craig Pawson
2020-2021,2021-03-19,Fulham,Leeds United,1,2,A,20:00,Craven Cottage,,David Coote
2020-2021,2021-03-20,Brighton,Newcastle Utd,3,0,H,20:00,The American Express Community Stadium,,Anthony Taylor
2020-2021,2021-03-21,West Ham,Arsenal,3,3,D,15:00,London Stadium,,Jonathan Moss
2020-2021,2021-03-21,Aston Villa,Tottenham,0,2,A,19:30,Villa Park,,Mike Dean
2020-2021,2021-04-03,Chelsea,West Brom,2,5,A,12:30,Stamford Bridge,,David Coote
2020-2021,2021-04-03,Leeds United,Sheffield Utd,2,1,H,15:00,Elland Road,,Graham Scott
2020-2021,2021-04-03,Leicester City,Manchester City,0,2,A,17:30,King Power Stadium,,Anthony Taylor
2020-2021,2021-04-03,Arsenal,Liverpool,0,3,A,20:00,Emirates Stadium,,Stuart Attwell
2020-2021,2021-04-04,Southampton,Burnley,3,2,H,12:00,St. Mary's Stadium,,Andre Marriner
2020-2021,2021-04-04,Newcastle Utd,Tottenham,2,2,D,14:05,St. James' Park,,Craig Pawson
2020-2021,2021-04-04,Aston Villa,Fulham,3,1,H,16:30,Villa Park,,Andy Madley
2020-2021,2021-04-04,Manchester Utd,Brighton,2,1,H,19:30,Old Trafford,,Mike Dean
2020-2021,2021-04-05,Everton,Crystal Palace,1,1,D,18:00,Goodison Park,,Kevin Friend
2020-2021,2021-04-05,Wolves,West Ham,2,3,A,20:15,Molineux Stadium,,Michael Oliver
2020-2021,2021-04-09,Fulham,Wolves,0,1,A,20:00,Craven Cottage,,Jonathan Moss
2020-2021,2021-04-10,Manchester City,Leeds United,1,2,A,12:30,Etihad Stadium,,Andre Marriner
2020-2021,2021-04-10,Liverpool,Aston Villa,2,1,H,15:00,Anfield,,Paul Tierney
2020-2021,2021-04-10,Crystal Palace,Chelsea,1,4,A,17:30,Selhurst Park,,Michael Oliver
2020-2021,2021-04-11,Burnley,Newcastle Utd,1,2,A,12:00,Turf Moor,,Anthony Taylor
2020-2021,2021-04-11,West Ham,Leicester City,3,2,H,14:05,London Stadium,,Mike Dean
2020-2021,2021-04-11,Tottenham,Manchester Utd,1,3,A,16:30,Tottenham Hotspur Stadium,,Chris Kavanagh
2020-2021,2021-04-11,Sheffield Utd,Arsenal,0,3,A,19:00,Bramall Lane,,Peter Bankes
2020-2021,2021-04-12,West Brom,Southampton,3,0,H,18:00,The Hawthorns,,Simon Hooper
2020-2021,2021-04-12,Brighton,Everton,0,0,D,20:15,The American Express Community Stadium,,Darren England
2020-2021,2021-04-16,Everton,Tottenham,2,2,D,20:00,Goodison Park,,Michael Oliver
2020-2021,2021-04-17,Newcastle Utd,West Ham,3,2,H,12:30,St. James' Park,,Kevin Friend
2020-2021,2021-04-17,Wolves,Sheffield Utd,1,0,H,20:15,Molineux Stadium,,Robert Jones
2020-2021,2021-04-18,Arsenal,Fulham,1,1,D,13:30,Emirates Stadium,,Craig Pawson
2020-2021,2021-04-18,Manchester Utd,Burnley,3,1,H,16:00,Old Trafford,,Jonathan Moss
2020-2021,2021-04-19,Leeds United,Liverpool,1,1,D,20:00,Elland Road,,Anthony Taylor
2020-2021,2021-04-20,Chelsea,Brighton,0,0,D,20:15,Stamford Bridge,,Stuart Attwell
2020-2021,2021-04-21,Tottenham,Southampton,2,1,H,18:00,Tottenham Hotspur Stadium,,David Coote
2020-2021,2021-04-21,Aston Villa,Manchester City,1,2,A,20:15,Villa Park,,Peter Bankes
2020-2021,2021-04-22,Leicester City,West Brom,3,0,H,20:00,King Power Stadium,,Andy Madley
2020-2021,2021-04-23,Arsenal,Everton,0,1,A,20:00,Emirates Stadium,,Jonathan Moss
2020-2021,2021-04-24,Liverpool,Newcastle Utd,1,1,D,12:30,Anfield,,Andre Marriner
2020-2021,2021-04-24,West Ham,Chelsea,0,1,A,17:30,London Stadium,,Chris Kavanagh
2020-2021,2021-04-24,Sheffield Utd,Brighton,1,0,H,20:00,Bramall Lane,,Kevin Friend
2020-2021,2021-04-25,Wolves,Burnley,0,4,A,12:00,Molineux Stadium,,Darren England
2020-2021,2021-04-25,Leeds United,Manchester Utd,0,0,D,14:00,Elland Road,,Craig Pawson
2020-2021,2021-04-25,Aston Villa,West Brom,2,2,D,19:00,Villa Park,,Stuart Attwell
2020-2021,2021-04-26,Leicester City,Crystal Palace,2,1,H,20:00,King Power Stadium,,Graham Scott
2020-2021,2021-04-30,Southampton,Leicester City,1,1,D,20:00,St. Mary's Stadium,,Robert Jones
2020-2021,2021-05-01,Crystal Palace,Manchester City,0,2,A,12:30,Selhurst Park,,David Coote
2020-2021,2021-05-01,Brighton,Leeds United,2,0,H,15:00,The American Express Community Stadium,,Chris Kavanagh
2020-2021,2021-05-01,Chelsea,Fulham,2,0,H,17:30,Stamford Bridge,,Kevin Friend
2020-2021,2021-05-01,Everton,Aston Villa,1,2,A,20:00,Goodison Park,,Simon Hooper
2020-2021,2021-05-02,Newcastle Utd,Arsenal,0,2,A,14:00,St. James' Park,,Mike Dean
2020-2021,2021-05-02,Tottenham,Sheffield Utd,4,0,H,19:15,Tottenham Hotspur Stadium,,Andre Marriner
2020-2021,2021-05-03,West Brom,Wolves,1,1,D,18:00,The Hawthorns,,Paul Tierney
2020-2021,2021-05-03,Burnley,West Ham,1,2,A,20:15,Turf Moor,,Anthony Taylor
2020-2021,2021-05-07,Leicester City,Newcastle Utd,2,4,A,20:00,King Power Stadium,,Darren England
2020-2021,2021-05-08,Leeds United,Tottenham,3,1,H,12:30,Elland Road,,Michael Oliver
2020-2021,2021-05-08,Sheffield Utd,Crystal Palace,0,2,A,15:00,Bramall Lane,,Simon Hooper
2020-2021,2021-05-08,Manchester City,Chelsea,1,2,A,17:30,Etihad Stadium,,Anthony Taylor
2020-2021,2021-05-08,Liverpool,Southampton,2,0,H,20:15,Anfield,,Kevin Friend
2020-2021,2021-05-09,Wolves,Brighton,2,1,H,12:00,Molineux Stadium,,Jonathan Moss
2020-2021,2021-05-09,Aston Villa,Manchester Utd,1,3,A,14:05,Villa Park,,Chris Kavanagh
2020-2021,2021-05-09,West Ham,Everton,0,1,A,16:30,London Stadium,,Stuart Attwell
2020-2021,2021-05-09,Arsenal,West Brom,3,1,H,19:00,Emirates Stadium,,Peter Bankes
2020-2021,2021-05-10,Fulham,Burnley,0,2,A,20:00,Craven Cottage,,David Coote
2020-2021,2021-05-11,Manchester Utd,Leicester City,1,2,A,18:00,Old Trafford,,Craig Pawson
2020-2021,2021-05-11,Southampton,Crystal Palace,3,1,H,20:15,St. Mary's Stadium,,Andy Madley
2020-2021,2021-05-12,Chelsea,Arsenal,0,1,A,20:15,Stamford Bridge,,Andre Marriner
2020-2021,2021-05-13,Aston Villa,Everton,0,0,D,18:00,Villa Park,,Martin Atkinson
2020-2021,2021-05-13,Manchester Utd,Liverpool,2,4,A,20:15,Old Trafford,,Anthony Taylor
2020-2021,2021-05-14,Newcastle Utd,Manchester City,3,4,A,20:00,St. James' Park,,Kevin Friend
2020-2021,2021-05-15,Burnley,Leeds United,0,4,A,12:30,Turf Moor,,Graham Scott
2020-2021,2021-05-15,Southampton,Fulham,3,1,H,15:00,St. Mary's Stadium,,Craig Pawson
2020-2021,2021-05-15,Brighton,West Ham,1,1,D,20:00,The American Express Community Stadium,,Andre Marriner
2020-2021,2021-05-16,Crystal Palace,Aston Villa,3,2,H,12:00,Selhurst Park,,David Coote
2020-2021,2021-05-16,Tottenham,Wolves,2,0,H,14:05,Tottenham Hotspur Stadium,,Martin Atkinson
2020-2021,2021-05-16,West Brom,Liverpool,1,2,A,16:30,The Hawthorns,,Mike Dean
2020-2021,2021-05-16,Everton,Sheffield Utd,0,1,A,19:00,Goodison Park,,Jonathan Moss
2020-2021,2021-05-18,Manchester Utd,Fulham,1,1,D,18:00,Old Trafford,10000.0,Lee Mason
2020-2021,2021-05-18,Southampton,Leeds United,0,2,A,18:00,St. Mary's Stadium,8000.0,Peter Bankes
2020-2021,2021-05-18,Brighton,Manchester City,3,2,H,19:00,The American Express Community Stadium,7945.0,Stuart Attwell
2020-2021,2021-05-18,Chelsea,Leicester City,2,1,H,20:15,Stamford Bridge,8000.0,Mike Dean
2020-2021,2021-05-19,Newcastle Utd,Sheffield Utd,1,0,H,18:00,St. James' Park,10000.0,Robert Jones
2020-2021,2021-05-19,Everton,Wolves,1,0,H,18:00,Goodison Park,4988.0,Andy Madley
2020-2021,2021-05-19,Tottenham,Aston Villa,1,2,A,18:00,Tottenham Hotspur Stadium,10000.0,Craig Pawson
2020-2021,2021-05-19,Crystal Palace,Arsenal,1,3,A,19:00,Selhurst Park,6500.0,Anthony Taylor
2020-2021,2021-05-19,West Brom,West Ham,1,3,A,20:15,The Hawthorns,5371.0,Michael Oliver
2020-2021,2021-05-19,Burnley,Liverpool,0,3,A,20:15,Turf Moor,3387.0,Chris Kavanagh
2020-2021,2021-05-23,Leeds United,West Brom,3,1,H,16:00,Elland Road,8000.0,David Coote
2020-2021,2021-05-23,Arsenal,Brighton,2,0,H,16:00,Emirates Stadium,10000.0,Jonathan Moss
2020-2021,2021-05-23,West Ham,Southampton,3,0,H,16:00,London Stadium,10000.0,Martin Atkinson
2020-2021,2021-05-23,Liverpool,Crystal Palace,2,0,H,16:00,Anfield,9901.0,Craig Pawson
2020-2021,2021-05-23,Fulham,Newcastle Utd,0,2,A,16:00,Craven Cottage,2000.0,Chris Kavanagh
2020-2021,2021-05-23,Wolves,Manchester Utd,1,2,A,16:00,Molineux Stadium,4500.0,Mike Dean
2020-2021,2021-05-23,Sheffield Utd,Burnley,1,0,H,16:00,Bramall Lane,5000.0,Kevin Friend
2020-2021,2021-05-23,Manchester City,Everton,5,0,H,16:00,Etihad Stadium,10000.0,Michael Oliver
2020-2021,2021-05-23,Leicester City,Tottenham,2,4,A,16:00,King Power Stadium,8000.0,Anthony Taylor
2020-2021,2021-05-23,Aston Villa,Chelsea,2,1,H,16:00,Villa Park,10000.0,Stuart Attwell
2021-2022,2021-08-13,Brentford,Arsenal,2,0,H,20:00,Brentford Community Stadium,16479.0,Michael Oliver
2021-2022,2021-08-14,Manchester Utd,Leeds United,5,1,H,12:30,Old Trafford,72732.0,Paul Tierney
2021-2022,2021-08-14,Everton,Southampton,3,1,H,15:00,Goodison Park,38487.0,Andy Madley
2021-2022,2021-08-14,Leicester City,Wolves,1,0,H,15:00,King Power Stadium,31983.0,Craig Pawson
2021-2022,2021-08-14,Chelsea,Crystal Palace,3,0,H,15:00,Stamford Bridge,38965.0,Jonathan Moss
2021-2022,2021-08-14,Burnley,Brighton,1,2,A,15:00,Turf Moor,16910.0,David Coote
2021-2022,2021-08-14,Watford,Aston Villa,3,2,H,15:00,Vicarage Road Stadium,20051.0,Mike Dean
2021-2022,2021-08-14,Norwich City,Liverpool,0,3,A,17:30,Carrow Road,27023.0,Andre Marriner
2021-2022,2021-08-15,Newcastle Utd,West Ham,2,4,A,14:00,St. James' Park,50673.0,Martin Atkinson
2021-2022,2021-08-15,Tottenham,Manchester City,1,0,H,16:30,Tottenham Hotspur Stadium,58262.0,Anthony Taylor
2021-2022,2021-08-21,Liverpool,Burnley,2,0,H,12:30,Anfield,52591.0,Mike Dean
2021-2022,2021-08-21,Leeds United,Everton,2,2,D,15:00,Elland Road,36293.0,Darren England
2021-2022,2021-08-21,Crystal Palace,Brentford,0,0,D,15:00,Selhurst Park,23091.0,Martin Atkinson
2021-2022,2021-08-21,Manchester City,Norwich City,5,0,H,15:00,Etihad Stadium,51437.0,Graham Scott
2021-2022,2021-08-21,Aston Villa,Newcastle Utd,2,0,H,15:00,Villa Park,41964.0,David Coote
2021-2022,2021-08-21,Brighton,Watford,2,0,H,17:30,The American Express Community Stadium,29485.0,Anthony Taylor
2021-2022,2021-08-22,Wolves,Tottenham,0,1,A,14:00,Molineux Stadium,30368.0,Stuart Attwell
2021-2022,2021-08-22,Southampton,Manchester Utd,1,1,D,14:00,St. Mary's Stadium,32000.0,Craig Pawson
2021-2022,2021-08-22,Arsenal,Chelsea,0,2,A,16:30,Emirates Stadium,58729.0,Paul Tierney
2021-2022,2021-08-23,West Ham,Leicester City,4,1,H,20:00,London Stadium,59901.0,Michael Oliver
2021-2022,2021-08-28,Manchester City,Arsenal,5,0,H,12:30,Etihad Stadium,52276.0,Martin Atkinson
2021-2022,2021-08-28,West Ham,Crystal Palace,2,2,D,15:00,London Stadium,59751.0,Stuart Attwell
2021-2022,2021-08-28,Norwich City,Leicester City,1,2,A,15:00,Carrow Road,26765.0,Robert Jones
2021-2022,2021-08-28,Aston Villa,Brentford,1,1,D,15:00,Villa Park,42045.0,Peter Bankes
2021-2022,2021-08-28,Newcastle Utd,Southampton,2,2,D,15:00,St. James' Park,44017.0,Paul Tierney
2021-2022,2021-08-28,Brighton,Everton,0,2,A,15:00,The American Express Community Stadium,30548.0,Jonathan Moss
2021-2022,2021-08-28,Liverpool,Chelsea,1,1,D,17:30,Anfield,54000.0,Anthony Taylor
2021-2022,2021-08-29,Burnley,Leeds United,1,1,D,14:00,Turf Moor,20000.0,Michael Oliver
2021-2022,2021-08-29,Tottenham,Watford,1,0,H,14:00,Tottenham Hotspur Stadium,57672.0,Andre Marriner
2021-2022,2021-08-29,Wolves,Manchester Utd,0,1,A,16:30,Molineux Stadium,30621.0,Mike Dean
2021-2022,2021-09-11,Crystal Palace,Tottenham,3,0,H,12:30,Selhurst Park,26000.0,Jonathan Moss
2021-2022,2021-09-11,Leicester City,Manchester City,0,1,A,15:00,King Power Stadium,32087.0,Paul Tierney
2021-2022,2021-09-11,Brentford,Brighton,0,1,A,15:00,Brentford Community Stadium,16518.0,Graham Scott
2021-2022,2021-09-11,Southampton,West Ham,0,0,D,15:00,St. Mary's Stadium,30000.0,David Coote
2021-2022,2021-09-11,Arsenal,Norwich City,1,0,H,15:00,Emirates Stadium,58000.0,Michael Oliver
2021-2022,2021-09-11,Manchester Utd,Newcastle Utd,4,1,H,15:00,Old Trafford,72732.0,Anthony Taylor
2021-2022,2021-09-11,Watford,Wolves,0,2,A,15:00,Vicarage Road Stadium,20019.0,Peter Bankes
2021-2022,2021-09-11,Chelsea,Aston Villa,3,0,H,17:30,Stamford Bridge,39969.0,Stuart Attwell
2021-2022,2021-09-12,Leeds United,Liverpool,0,3,A,16:30,Elland Road,36507.0,Craig Pawson
2021-2022,2021-09-13,Everton,Burnley,3,1,H,20:00,Goodison Park,30000.0,Martin Atkinson
2021-2022,2021-09-17,Newcastle Utd,Leeds United,1,1,D,20:00,St. James' Park,50407.0,Mike Dean
2021-2022,2021-09-18,Wolves,Brentford,0,2,A,12:30,Molineux Stadium,30000.0,Darren England
2021-2022,2021-09-18,Norwich City,Watford,1,3,A,15:00,Carrow Road,26649.0,Robert Jones
2021-2022,2021-09-18,Burnley,Arsenal,0,1,A,15:00,Turf Moor,20000.0,Anthony Taylor
2021-2022,2021-09-18,Manchester City,Southampton,0,0,D,15:00,Etihad Stadium,52698.0,Jonathan Moss
2021-2022,2021-09-18,Liverpool,Crystal Palace,3,0,H,15:00,Anfield,52000.0,Andy Madley
2021-2022,2021-09-18,Aston Villa,Everton,3,0,H,17:30,Villa Park,41888.0,Craig Pawson
2021-2022,2021-09-19,Brighton,Leicester City,2,1,H,14:00,The American Express Community Stadium,31078.0,Stuart Attwell
2021-2022,2021-09-19,West Ham,Manchester Utd,1,2,A,14:00,London Stadium,60000.0,Martin Atkinson
2021-2022,2021-09-19,Tottenham,Chelsea,0,3,A,16:30,Tottenham Hotspur Stadium,60059.0,Paul Tierney
2021-2022,2021-09-25,Chelsea,Manchester City,0,1,A,12:30,Stamford Bridge,40036.0,Michael Oliver
2021-2022,2021-09-25,Manchester Utd,Aston Villa,0,1,A,12:30,Old Trafford,72922.0,Mike Dean
2021-2022,2021-09-25,Everton,Norwich City,2,0,H,15:00,Goodison Park,38821.0,David Coote
2021-2022,2021-09-25,Leeds United,West Ham,1,2,A,15:00,Elland Road,36417.0,Kevin Friend
2021-2022,2021-09-25,Watford,Newcastle Utd,1,1,D,15:00,Vicarage Road Stadium,20650.0,Jarred Gillett
2021-2022,2021-09-25,Leicester City,Burnley,2,2,D,15:00,King Power Stadium,31650.0,Chris Kavanagh
2021-2022,2021-09-25,Brentford,Liverpool,3,3,D,17:30,Brentford Community Stadium,16876.0,Stuart Attwell
2021-2022,2021-09-26,Southampton,Wolves,0,1,A,14:00,St. Mary's Stadium,28002.0,Andy Madley
2021-2022,2021-09-26,Arsenal,Tottenham,3,1,H,16:30,Emirates Stadium,59919.0,Craig Pawson
2021-2022,2021-09-27,Crystal Palace,Brighton,1,1,D,20:00,Selhurst Park,22975.0,Andre Marriner
2021-2022,2021-10-02,Manchester Utd,Everton,1,1,D,12:30,Old Trafford,73128.0,Michael Oliver
2021-2022,2021-10-02,Leeds United,Watford,1,0,H,15:00,Elland Road,36261.0,Simon Hooper
2021-2022,2021-10-02,Chelsea,Southampton,3,1,H,15:00,Stamford Bridge,40109.0,Martin Atkinson
2021-2022,2021-10-02,Wolves,Newcastle Utd,2,1,H,15:00,Molineux Stadium,30483.0,Graham Scott
2021-2022,2021-10-02,Burnley,Norwich City,0,0,D,15:00,Turf Moor,17427.0,Kevin Friend
2021-2022,2021-10-02,Brighton,Arsenal,0,0,D,17:30,The American Express Community Stadium,31266.0,Jonathan Moss
2021-2022,2021-10-03,West Ham,Brentford,1,2,A,14:00,London Stadium,49940.0,Peter Bankes
2021-2022,2021-10-03,Tottenham,Aston Villa,2,1,H,14:00,Tottenham Hotspur Stadium,53076.0,Chris Kavanagh
2021-2022,2021-10-03,Crystal Palace,Leicester City,2,2,D,14:00,Selhurst Park,25000.0,Anthony Taylor
2021-2022,2021-10-03,Liverpool,Manchester City,2,2,D,16:30,Anfield,53102.0,Paul Tierney
2021-2022,2021-10-16,Watford,Liverpool,0,5,A,12:30,Vicarage Road Stadium,21085.0,Jonathan Moss
2021-2022,2021-10-16,Aston Villa,Wolves,2,3,A,15:00,Villa Park,41951.0,Michael Oliver
2021-2022,2021-10-16,Manchester City,Burnley,2,0,H,15:00,Etihad Stadium,52711.0,Martin Atkinson
2021-2022,2021-10-16,Southampton,Leeds United,1,0,H,15:00,St. Mary's Stadium,30506.0,David Coote
2021-2022,2021-10-16,Leicester City,Manchester Utd,4,2,H,15:00,King Power Stadium,32219.0,Craig Pawson
2021-2022,2021-10-16,Norwich City,Brighton,0,0,D,15:00,Carrow Road,26777.0,Peter Bankes
2021-2022,2021-10-16,Brentford,Chelsea,0,1,A,17:30,Brentford Community Stadium,16940.0,Anthony Taylor
2021-2022,2021-10-17,Everton,West Ham,0,1,A,14:00,Goodison Park,39132.0,Stuart Attwell
2021-2022,2021-10-17,Newcastle Utd,Tottenham,2,3,A,16:30,St. James' Park,52214.0,Andre Marriner
2021-2022,2021-10-18,Arsenal,Crystal Palace,2,2,D,20:00,Emirates Stadium,59475.0,Mike Dean
2021-2022,2021-10-22,Arsenal,Aston Villa,3,1,H,20:00,Emirates Stadium,59496.0,Craig Pawson
2021-2022,2021-10-23,Chelsea,Norwich City,7,0,H,12:30,Stamford Bridge,40113.0,Andy Madley
2021-2022,2021-10-23,Southampton,Burnley,2,2,D,15:00,St. Mary's Stadium,29145.0,Chris Kavanagh
2021-2022,2021-10-23,Crystal Palace,Newcastle Utd,1,1,D,15:00,Selhurst Park,24609.0,Darren England
2021-2022,2021-10-23,Everton,Watford,2,5,A,15:00,Goodison Park,38834.0,Graham Scott
2021-2022,2021-10-23,Leeds United,Wolves,1,1,D,15:00,Elland Road,36475.0,Robert Jones
2021-2022,2021-10-23,Brighton,Manchester City,1,4,A,17:30,The American Express Community Stadium,31215.0,Kevin Friend
2021-2022,2021-10-24,Brentford,Leicester City,1,2,A,14:00,Brentford Community Stadium,16814.0,Simon Hooper
2021-2022,2021-10-24,West Ham,Tottenham,1,0,H,14:00,London Stadium,59924.0,Paul Tierney
2021-2022,2021-10-24,Manchester Utd,Liverpool,0,5,A,16:30,Old Trafford,73088.0,Anthony Taylor
2021-2022,2021-10-30,Leicester City,Arsenal,0,2,A,12:30,King Power Stadium,32209.0,Michael Oliver
2021-2022,2021-10-30,Newcastle Utd,Chelsea,0,3,A,15:00,St. James' Park,52208.0,Paul Tierney
2021-2022,2021-10-30,Manchester City,Crystal Palace,0,2,A,15:00,Etihad Stadium,53014.0,Andre Marriner
2021-2022,2021-10-30,Liverpool,Brighton,2,2,D,15:00,Anfield,52598.0,Mike Dean
2021-2022,2021-10-30,Burnley,Brentford,3,1,H,15:00,Turf Moor,18821.0,Jonathan Moss
2021-2022,2021-10-30,Watford,Southampton,0,1,A,15:00,Vicarage Road Stadium,20869.0,Peter Bankes
2021-2022,2021-10-30,Tottenham,Manchester Utd,0,3,A,17:30,Tottenham Hotspur Stadium,60356.0,Stuart Attwell
2021-2022,2021-10-31,Norwich City,Leeds United,1,2,A,14:00,Carrow Road,26913.0,Anthony Taylor
2021-2022,2021-10-31,Aston Villa,West Ham,1,4,A,16:30,Villa Park,41874.0,Chris Kavanagh
2021-2022,2021-11-01,Wolves,Everton,2,1,H,20:00,Molineux Stadium,30617.0,Martin Atkinson
2021-2022,2021-11-05,Southampton,Aston Villa,1,0,H,20:00,St. Mary's Stadium,30178.0,Andy Madley
2021-2022,2021-11-06,Manchester Utd,Manchester City,0,2,A,12:30,Old Trafford,73086.0,Michael Oliver
2021-2022,2021-11-06,Chelsea,Burnley,1,1,D,15:00,Stamford Bridge,39798.0,Andre Marriner
2021-2022,2021-11-06,Brentford,Norwich City,1,2,A,15:00,Brentford Community Stadium,16837.0,Jarred Gillett
2021-2022,2021-11-06,Crystal Palace,Wolves,2,0,H,15:00,Selhurst Park,24390.0,Graham Scott
2021-2022,2021-11-06,Brighton,Newcastle Utd,1,1,D,17:30,The American Express Community Stadium,31267.0,David Coote
2021-2022,2021-11-07,Arsenal,Watford,1,0,H,14:00,Emirates Stadium,59833.0,Kevin Friend
2021-2022,2021-11-07,Leeds United,Leicester City,1,1,D,14:00,Elland Road,36478.0,Darren England
2021-2022,2021-11-07,Everton,Tottenham,0,0,D,14:00,Goodison Park,39059.0,Chris Kavanagh
2021-2022,2021-11-07,West Ham,Liverpool,3,2,H,16:30,London Stadium,59909.0,Craig Pawson
2021-2022,2021-11-20,Leicester City,Chelsea,0,3,A,12:30,King Power Stadium,35497.0,Paul Tierney
2021-2022,2021-11-20,Burnley,Crystal Palace,3,3,D,15:00,Turf Moor,18028.0,Simon Hooper
2021-2022,2021-11-20,Aston Villa,Brighton,2,0,H,15:00,Villa Park,41925.0,Anthony Taylor
2021-2022,2021-11-20,Newcastle Utd,Brentford,3,3,D,15:00,St. James' Park,52131.0,Robert Jones
2021-2022,2021-11-20,Norwich City,Southampton,2,1,H,15:00,Carrow Road,26885.0,Martin Atkinson
2021-2022,2021-11-20,Watford,Manchester Utd,4,1,H,15:00,Vicarage Road Stadium,21087.0,Jonathan Moss
2021-2022,2021-11-20,Wolves,West Ham,1,0,H,15:00,Molineux Stadium,30667.0,Mike Dean
2021-2022,2021-11-20,Liverpool,Arsenal,4,0,H,17:30,Anfield,53092.0,Michael Oliver
2021-2022,2021-11-21,Manchester City,Everton,3,0,H,14:00,Etihad Stadium,52571.0,Stuart Attwell
2021-2022,2021-11-21,Tottenham,Leeds United,2,1,H,16:30,Tottenham Hotspur Stadium,58989.0,Andre Marriner
2021-2022,2021-11-27,Arsenal,Newcastle Utd,2,0,H,12:30,Emirates Stadium,59886.0,Stuart Attwell
2021-2022,2021-11-27,Liverpool,Southampton,4,0,H,15:00,Anfield,53040.0,Andre Marriner
2021-2022,2021-11-27,Norwich City,Wolves,0,0,D,15:00,Carrow Road,26911.0,Simon Hooper
2021-2022,2021-11-27,Crystal Palace,Aston Villa,1,2,A,15:00,Selhurst Park,25203.0,Michael Salisbury
2021-2022,2021-11-27,Brighton,Leeds United,0,0,D,17:30,The American Express Community Stadium,31166.0,Craig Pawson
2021-2022,2021-11-28,Manchester City,West Ham,2,1,H,14:00,Etihad Stadium,53245.0,Michael Oliver
2021-2022,2021-11-28,Brentford,Everton,1,0,H,14:00,Brentford Community Stadium,16957.0,Darren England
2021-2022,2021-11-28,Leicester City,Watford,4,2,H,14:00,King Power Stadium,32020.0,Andy Madley
2021-2022,2021-11-28,Chelsea,Manchester Utd,1,1,D,16:30,Stamford Bridge,40041.0,Anthony Taylor
2021-2022,2021-11-30,Newcastle Utd,Norwich City,1,1,D,19:30,St. James' Park,50757.0,Andy Madley
2021-2022,2021-11-30,Leeds United,Crystal Palace,1,0,H,20:15,Elland Road,35558.0,Kevin Friend
2021-2022,2021-12-01,West Ham,Brighton,1,1,D,19:30,London Stadium,59626.0,Chris Kavanagh
2021-2022,2021-12-01,Watford,Chelsea,1,2,A,19:30,Vicarage Road Stadium,20388.0,David Coote
2021-2022,2021-12-01,Southampton,Leicester City,2,2,D,19:30,St. Mary's Stadium,26951.0,Robert Jones
2021-2022,2021-12-01,Wolves,Burnley,0,0,D,19:30,Molineux Stadium,30328.0,John Brooks
2021-2022,2021-12-01,Aston Villa,Manchester City,1,2,A,20:15,Villa Park,41400.0,Mike Dean
2021-2022,2021-12-01,Everton,Liverpool,1,4,A,20:15,Goodison Park,39641.0,Paul Tierney
2021-2022,2021-12-02,Tottenham,Brentford,2,0,H,19:30,Tottenham Hotspur Stadium,54202.0,Jonathan Moss
2021-2022,2021-12-02,Manchester Utd,Arsenal,3,2,H,20:15,Old Trafford,73123.0,Martin Atkinson
2021-2022,2021-12-04,West Ham,Chelsea,3,2,H,12:30,London Stadium,59942.0,Andre Marriner
2021-2022,2021-12-04,Newcastle Utd,Burnley,1,0,H,15:00,St. James' Park,51948.0,Paul Tierney
2021-2022,2021-12-04,Southampton,Brighton,1,1,D,15:00,St. Mary's Stadium,28706.0,Anthony Taylor
2021-2022,2021-12-04,Wolves,Liverpool,0,1,A,15:00,Molineux Stadium,30729.0,Chris Kavanagh
2021-2022,2021-12-04,Watford,Manchester City,1,3,A,17:30,Vicarage Road Stadium,20673.0,Simon Hooper
2021-2022,2021-12-05,Tottenham,Norwich City,3,0,H,14:00,Tottenham Hotspur Stadium,57088.0,Jarred Gillett
2021-2022,2021-12-05,Manchester Utd,Crystal Palace,1,0,H,14:00,Old Trafford,73172.0,Craig Pawson
2021-2022,2021-12-05,Leeds United,Brentford,2,2,D,14:00,Elland Road,35639.0,David Coote
2021-2022,2021-12-05,Aston Villa,Leicester City,2,1,H,16:30,Villa Park,41572.0,Michael Oliver
2021-2022,2021-12-06,Everton,Arsenal,2,1,H,20:00,Goodison Park,38906.0,Mike Dean
2021-2022,2021-12-10,Brentford,Watford,2,1,H,20:00,Brentford Community Stadium,16861.0,Michael Oliver
2021-2022,2021-12-11,Manchester City,Wolves,1,0,H,12:30,Etihad Stadium,52613.0,Jonathan Moss
2021-2022,2021-12-11,Liverpool,Aston Villa,1,0,H,15:00,Anfield,53093.0,Stuart Attwell
2021-2022,2021-12-11,Arsenal,Southampton,3,0,H,15:00,Emirates Stadium,59653.0,Jarred Gillett
2021-2022,2021-12-11,Chelsea,Leeds United,3,2,H,15:00,Stamford Bridge,39959.0,Chris Kavanagh
2021-2022,2021-12-11,Norwich City,Manchester Utd,0,1,A,17:30,Carrow Road,27606.0,Darren England
2021-2022,2021-12-12,Leicester City,Newcastle Utd,4,0,H,14:00,King Power Stadium,31959.0,Peter Bankes
2021-2022,2021-12-12,Burnley,West Ham,0,0,D,14:00,Turf Moor,18065.0,Graham Scott
2021-2022,2021-12-12,Crystal Palace,Everton,3,1,H,16:30,Selhurst Park,24066.0,Andy Madley
2021-2022,2021-12-14,Norwich City,Aston Villa,0,2,A,19:45,Carrow Road,26836.0,David Coote
2021-2022,2021-12-14,Manchester City,Leeds United,7,0,H,20:00,Etihad Stadium,52401.0,Paul Tierney
2021-2022,2021-12-15,Crystal Palace,Southampton,2,2,D,19:30,Selhurst Park,22861.0,Simon Hooper
2021-2022,2021-12-15,Brighton,Wolves,0,1,A,19:30,The American Express Community Stadium,30362.0,Tony Harrington
2021-2022,2021-12-15,Arsenal,West Ham,2,0,H,20:00,Emirates Stadium,59777.0,Anthony Taylor
2021-2022,2021-12-16,Chelsea,Everton,1,1,D,19:45,Stamford Bridge,13933.0,Michael Oliver
2021-2022,2021-12-16,Liverpool,Newcastle Utd,3,1,H,20:00,Anfield,52951.0,Mike Dean
2021-2022,2021-12-18,Leeds United,Arsenal,1,4,A,17:30,Elland Road,36166.0,Andre Marriner
2021-2022,2021-12-19,Wolves,Chelsea,0,0,D,14:00,Molineux Stadium,30631.0,David Coote
2021-2022,2021-12-19,Newcastle Utd,Manchester City,0,4,A,14:15,St. James' Park,52127.0,Martin Atkinson
2021-2022,2021-12-19,Tottenham,Liverpool,2,2,D,16:30,Tottenham Hotspur Stadium,45421.0,Paul Tierney
2021-2022,2021-12-26,Tottenham,Crystal Palace,3,0,H,15:00,Tottenham Hotspur Stadium,40539.0,Jonathan Moss
2021-2022,2021-12-26,Norwich City,Arsenal,0,5,A,15:00,Carrow Road,26940.0,Graham Scott
2021-2022,2021-12-26,West Ham,Southampton,2,3,A,15:00,London Stadium,41027.0,Kevin Friend
2021-2022,2021-12-26,Manchester City,Leicester City,6,3,H,15:00,Etihad Stadium,53226.0,Chris Kavanagh
2021-2022,2021-12-26,Aston Villa,Chelsea,1,3,A,17:30,Villa Park,41907.0,Martin Atkinson
2021-2022,2021-12-26,Brighton,Brentford,2,0,H,20:00,The American Express Community Stadium,30141.0,Darren England
2021-2022,2021-12-27,Newcastle Utd,Manchester Utd,1,1,D,20:00,St. James' Park,52178.0,Craig Pawson
2021-2022,2021-12-28,Crystal Palace,Norwich City,3,0,H,15:00,Selhurst Park,24433.0,Paul Tierney
2021-2022,2021-12-28,Southampton,Tottenham,1,1,D,15:00,St. Mary's Stadium,31304.0,Anthony Taylor
2021-2022,2021-12-28,Watford,West Ham,1,4,A,15:00,Vicarage Road Stadium,20073.0,Darren England
2021-2022,2021-12-28,Leicester City,Liverpool,1,0,H,20:00,King Power Stadium,32230.0,Michael Oliver
2021-2022,2021-12-29,Chelsea,Brighton,1,1,D,19:30,Stamford Bridge,40080.0,Mike Dean
2021-2022,2021-12-29,Brentford,Manchester City,0,1,A,20:15,Brentford Community Stadium,17009.0,David Coote
2021-2022,2021-12-30,Manchester Utd,Burnley,3,1,H,20:15,Old Trafford,73121.0,Jonathan Moss
2021-2022,2022-01-01,Arsenal,Manchester City,1,2,A,12:30,Emirates Stadium,59757.0,Stuart Attwell
2021-2022,2022-01-01,Watford,Tottenham,0,1,A,15:00,Vicarage Road Stadium,20391.0,Robert Jones
2021-2022,2022-01-01,Crystal Palace,West Ham,2,3,A,17:30,Selhurst Park,24351.0,Darren England
2021-2022,2022-01-02,Brentford,Aston Villa,2,1,H,14:00,Brentford Community Stadium,16876.0,Craig Pawson
2021-2022,2022-01-02,Everton,Brighton,2,3,A,14:00,Goodison Park,38203.0,John Brooks
2021-2022,2022-01-02,Leeds United,Burnley,3,1,H,14:00,Elland Road,36083.0,Paul Tierney
2021-2022,2022-01-02,Chelsea,Liverpool,2,2,D,16:30,Stamford Bridge,40072.0,Anthony Taylor
2021-2022,2022-01-03,Manchester Utd,Wolves,0,1,A,17:30,Old Trafford,73045.0,Mike Dean
2021-2022,2022-01-11,Southampton,Brentford,4,1,H,19:45,St. Mary's Stadium,27383.0,Stuart Attwell
2021-2022,2022-01-12,West Ham,Norwich City,2,0,H,19:45,London Stadium,59775.0,Simon Hooper
2021-2022,2022-01-14,Brighton,Crystal Palace,1,1,D,20:00,The American Express Community Stadium,30675.0,Robert Jones
2021-2022,2022-01-15,Manchester City,Chelsea,1,0,H,12:30,Etihad Stadium,53319.0,Craig Pawson
2021-2022,2022-01-15,Norwich City,Everton,2,1,H,15:00,Carrow Road,26629.0,Andy Madley
2021-2022,2022-01-15,Newcastle Utd,Watford,1,1,D,15:00,St. James' Park,52223.0,Paul Tierney
2021-2022,2022-01-15,Wolves,Southampton,3,1,H,15:00,Molineux Stadium,30057.0,Michael Salisbury
2021-2022,2022-01-15,Aston Villa,Manchester Utd,2,2,D,17:30,Villa Park,41968.0,David Coote
2021-2022,2022-01-16,West Ham,Leeds United,2,3,A,14:00,London Stadium,59951.0,Mike Dean
2021-2022,2022-01-16,Liverpool,Brentford,3,0,H,14:00,Anfield,52824.0,Jonathan Moss
2021-2022,2022-01-18,Brighton,Chelsea,1,1,D,20:00,The American Express Community Stadium,30880.0,Kevin Friend
2021-2022,2022-01-19,Leicester City,Tottenham,2,3,A,19:30,King Power Stadium,31986.0,Jonathan Moss
2021-2022,2022-01-19,Brentford,Manchester Utd,1,3,A,20:00,Brentford Community Stadium,17094.0,Andre Marriner
2021-2022,2022-01-21,Watford,Norwich City,0,3,A,20:00,Vicarage Road Stadium,20782.0,Mike Dean
2021-2022,2022-01-22,Everton,Aston Villa,0,1,A,12:30,Goodison Park,38203.0,Craig Pawson
2021-2022,2022-01-22,Brentford,Wolves,1,2,A,15:00,Brentford Community Stadium,16982.0,Peter Bankes
2021-2022,2022-01-22,Manchester Utd,West Ham,1,0,H,15:00,Old Trafford,73130.0,Jonathan Moss
2021-2022,2022-01-22,Leeds United,Newcastle Utd,0,1,A,15:00,Elland Road,36405.0,Chris Kavanagh
2021-2022,2022-01-22,Southampton,Manchester City,1,1,D,17:30,St. Mary's Stadium,31178.0,Simon Hooper
2021-2022,2022-01-23,Crystal Palace,Liverpool,1,3,A,14:00,Selhurst Park,25002.0,Kevin Friend
2021-2022,2022-01-23,Arsenal,Burnley,0,0,D,14:00,Emirates Stadium,59255.0,David Coote
2021-2022,2022-01-23,Leicester City,Brighton,1,1,D,14:00,King Power Stadium,31231.0,Martin Atkinson
2021-2022,2022-01-23,Chelsea,Tottenham,2,0,H,16:30,Stamford Bridge,40020.0,Paul Tierney
2021-2022,2022-02-05,Burnley,Watford,0,0,D,18:00,Turf Moor,19527.0,Craig Pawson
2021-2022,2022-02-08,West Ham,Watford,1,0,H,19:45,London Stadium,59581.0,Martin Atkinson
2021-2022,2022-02-08,Newcastle Utd,Everton,3,1,H,19:45,St. James' Park,52186.0,Anthony Taylor
2021-2022,2022-02-08,Burnley,Manchester Utd,1,1,D,20:00,Turf Moor,21233.0,Mike Dean
2021-2022,2022-02-09,Norwich City,Crystal Palace,1,1,D,19:45,Carrow Road,26652.0,Paul Tierney
2021-2022,2022-02-09,Manchester City,Brentford,2,0,H,19:45,Etihad Stadium,51658.0,Darren England
2021-2022,2022-02-09,Tottenham,Southampton,2,3,A,19:45,Tottenham Hotspur Stadium,54012.0,David Coote
2021-2022,2022-02-09,Aston Villa,Leeds United,3,3,D,20:00,Villa Park,41927.0,Jarred Gillett
2021-2022,2022-02-10,Wolves,Arsenal,0,1,A,19:45,Molineux Stadium,31523.0,Michael Oliver
2021-2022,2022-02-10,Liverpool,Leicester City,2,0,H,19:45,Anfield,53050.0,Chris Kavanagh
2021-2022,2022-02-12,Manchester Utd,Southampton,1,1,D,12:30,Old Trafford,73084.0,Stuart Attwell
2021-2022,2022-02-12,Everton,Leeds United,3,0,H,15:00,Goodison Park,39150.0,Graham Scott
2021-2022,2022-02-12,Brentford,Crystal Palace,0,0,D,15:00,Brentford Community Stadium,16958.0,Simon Hooper
2021-2022,2022-02-12,Watford,Brighton,0,2,A,15:00,Vicarage Road Stadium,20795.0,Jonathan Moss
2021-2022,2022-02-12,Norwich City,Manchester City,0,4,A,17:30,Carrow Road,27010.0,Andre Marriner
2021-2022,2022-02-13,Tottenham,Wolves,0,2,A,14:00,Tottenham Hotspur Stadium,56452.0,Kevin Friend
2021-2022,2022-02-13,Newcastle Utd,Aston Villa,1,0,H,14:00,St. James' Park,52207.0,Craig Pawson
2021-2022,2022-02-13,Burnley,Liverpool,0,1,A,14:00,Turf Moor,19563.0,Martin Atkinson
2021-2022,2022-02-13,Leicester City,West Ham,2,2,D,16:30,King Power Stadium,32061.0,Michael Oliver
2021-2022,2022-02-15,Manchester Utd,Brighton,2,0,H,20:15,Old Trafford,73012.0,Peter Bankes
2021-2022,2022-02-19,West Ham,Newcastle Utd,1,1,D,12:30,London Stadium,59949.0,Chris Kavanagh
2021-2022,2022-02-19,Brighton,Burnley,0,3,A,15:00,The American Express Community Stadium,30361.0,Kevin Friend
2021-2022,2022-02-19,Southampton,Everton,2,0,H,15:00,St. Mary's Stadium,31312.0,Andy Madley
2021-2022,2022-02-19,Arsenal,Brentford,2,1,H,15:00,Emirates Stadium,59249.0,Jonathan Moss
2021-2022,2022-02-19,Crystal Palace,Chelsea,0,1,A,15:00,Selhurst Park,25109.0,David Coote
2021-2022,2022-02-19,Liverpool,Norwich City,3,1,H,15:00,Anfield,53135.0,Mike Dean
2021-2022,2022-02-19,Aston Villa,Watford,0,1,A,15:00,Villa Park,41936.0,Robert Jones
2021-2022,2022-02-19,Manchester City,Tottenham,2,3,A,17:30,Etihad Stadium,53201.0,Anthony Taylor
2021-2022,2022-02-20,Leeds United,Manchester Utd,2,4,A,14:00,Elland Road,36715.0,Paul Tierney
2021-2022,2022-02-20,Wolves,Leicester City,2,1,H,16:30,Molineux Stadium,31587.0,Craig Pawson
2021-2022,2022-02-23,Burnley,Tottenham,1,0,H,19:30,Turf Moor,19488.0,Graham Scott
2021-2022,2022-02-23,Watford,Crystal Palace,1,4,A,19:30,Vicarage Road Stadium,20012.0,Andre Marriner
2021-2022,2022-02-23,Liverpool,Leeds United,6,0,H,19:45,Anfield,53018.0,Michael Oliver
2021-2022,2022-02-24,Arsenal,Wolves,2,1,H,19:45,Emirates Stadium,59888.0,Martin Atkinson
2021-2022,2022-02-25,Southampton,Norwich City,2,0,H,20:00,St. Mary's Stadium,31182.0,Simon Hooper
2021-2022,2022-02-26,Leeds United,Tottenham,0,4,A,12:30,Elland Road,36599.0,Craig Pawson
2021-2022,2022-02-26,Crystal Palace,Burnley,1,1,D,15:00,Selhurst Park,24203.0,Jonathan Moss
2021-2022,2022-02-26,Brighton,Aston Villa,0,2,A,15:00,The American Express Community Stadium,31475.0,John Brooks
2021-2022,2022-02-26,Manchester Utd,Watford,0,0,D,15:00,Old Trafford,73152.0,Kevin Friend
2021-2022,2022-02-26,Brentford,Newcastle Utd,0,2,A,15:00,Brentford Community Stadium,17039.0,Mike Dean
2021-2022,2022-02-26,Everton,Manchester City,0,1,A,17:30,Goodison Park,39105.0,Paul Tierney
2021-2022,2022-02-27,West Ham,Wolves,1,0,H,14:00,London Stadium,59946.0,Anthony Taylor
2021-2022,2022-03-01,Burnley,Leicester City,0,2,A,19:45,Turf Moor,17825.0,Chris Kavanagh
2021-2022,2022-03-05,Leicester City,Leeds United,1,0,H,12:30,King Power Stadium,32236.0,David Coote
2021-2022,2022-03-05,Aston Villa,Southampton,4,0,H,15:00,Villa Park,41855.0,Peter Bankes
2021-2022,2022-03-05,Newcastle Utd,Brighton,2,1,H,15:00,St. James' Park,52214.0,Martin Atkinson
2021-2022,2022-03-05,Burnley,Chelsea,0,4,A,15:00,Turf Moor,19439.0,Andre Marriner
2021-2022,2022-03-05,Norwich City,Brentford,1,3,A,15:00,Carrow Road,26887.0,Anthony Taylor
2021-2022,2022-03-05,Wolves,Crystal Palace,0,2,A,15:00,Molineux Stadium,31395.0,Andy Madley
2021-2022,2022-03-05,Liverpool,West Ham,1,0,H,17:30,Anfield,59925.0,Jonathan Moss
2021-2022,2022-03-06,Watford,Arsenal,2,3,A,14:00,Vicarage Road Stadium,21142.0,Craig Pawson
2021-2022,2022-03-06,Manchester City,Manchester Utd,4,1,H,16:30,Etihad Stadium,53165.0,Michael Oliver
2021-2022,2022-03-07,Tottenham,Everton,5,0,H,20:00,Tottenham Hotspur Stadium,59647.0,Stuart Attwell
2021-2022,2022-03-10,Wolves,Watford,4,0,H,19:30,Molineux Stadium,29658.0,Darren England
2021-2022,2022-03-10,Southampton,Newcastle Utd,1,2,A,19:30,St. Mary's Stadium,30056.0,Kevin Friend
2021-2022,2022-03-10,Norwich City,Chelsea,1,3,A,19:30,Carrow Road,26684.0,Martin Atkinson
2021-2022,2022-03-10,Leeds United,Aston Villa,0,3,A,19:45,Elland Road,36400.0,Simon Hooper
2021-2022,2022-03-12,Brighton,Liverpool,0,2,A,12:30,The American Express Community Stadium,31474.0,Mike Dean
2021-2022,2022-03-12,Brentford,Burnley,2,0,H,15:00,Brentford Community Stadium,17088.0,Paul Tierney
2021-2022,2022-03-12,Manchester Utd,Tottenham,3,2,H,17:30,Old Trafford,73458.0,Jonathan Moss
2021-2022,2022-03-13,Chelsea,Newcastle Utd,1,0,H,14:00,Stamford Bridge,40026.0,David Coote
2021-2022,2022-03-13,Everton,Wolves,0,1,A,14:00,Goodison Park,39112.0,Michael Oliver
2021-2022,2022-03-13,Leeds United,Norwich City,2,1,H,14:00,Elland Road,36321.0,Stuart Attwell
2021-2022,2022-03-13,West Ham,Aston Villa,2,1,H,14:00,London Stadium,59957.0,Jarred Gillett
2021-2022,2022-03-13,Southampton,Watford,1,2,A,14:00,St. Mary's Stadium,28863.0,Graham Scott
2021-2022,2022-03-13,Arsenal,Leicester City,2,0,H,16:30,Emirates Stadium,60111.0,Anthony Taylor
2021-2022,2022-03-14,Crystal Palace,Manchester City,0,0,D,20:00,Selhurst Park,25309.0,Martin Atkinson
2021-2022,2022-03-16,Brighton,Tottenham,0,2,A,19:30,The American Express Community Stadium,31144.0,Robert Jones
2021-2022,2022-03-16,Arsenal,Liverpool,0,2,A,20:15,Emirates Stadium,59968.0,Andre Marriner
2021-2022,2022-03-17,Everton,Newcastle Utd,1,0,H,19:45,Goodison Park,39068.0,Craig Pawson
2021-2022,2022-03-18,Wolves,Leeds United,2,3,A,20:00,Molineux Stadium,31842.0,Kevin Friend
2021-2022,2022-03-19,Aston Villa,Arsenal,0,1,A,12:30,Villa Park,41956.0,Andy Madley
2021-2022,2022-03-20,Leicester City,Brentford,2,1,H,14:00,King Power Stadium,31830.0,Darren England
2021-2022,2022-03-20,Tottenham,West Ham,3,1,H,16:30,Tottenham Hotspur Stadium,58685.0,Anthony Taylor
2021-2022,2022-04-02,Liverpool,Watford,2,0,H,12:30,Anfield,53104.0,Stuart Attwell
2021-2022,2022-04-02,Brighton,Norwich City,0,0,D,15:00,The American Express Community Stadium,31245.0,Simon Hooper
2021-2022,2022-04-02,Burnley,Manchester City,0,2,A,15:00,Turf Moor,21249.0,Craig Pawson
2021-2022,2022-04-02,Chelsea,Brentford,1,4,A,15:00,Stamford Bridge,39061.0,Andy Madley
2021-2022,2022-04-02,Wolves,Aston Villa,2,1,H,15:00,Molineux Stadium,31012.0,Darren England
2021-2022,2022-04-02,Leeds United,Southampton,1,1,D,15:00,Elland Road,36580.0,Anthony Taylor
2021-2022,2022-04-02,Manchester Utd,Leicester City,1,1,D,17:30,Old Trafford,73444.0,Andre Marriner
2021-2022,2022-04-03,West Ham,Everton,2,1,H,14:00,London Stadium,59953.0,Michael Oliver
2021-2022,2022-04-03,Tottenham,Newcastle Utd,5,1,H,16:30,Tottenham Hotspur Stadium,57553.0,Martin Atkinson
2021-2022,2022-04-04,Crystal Palace,Arsenal,3,0,H,20:00,Selhurst Park,25149.0,Paul Tierney
2021-2022,2022-04-06,Burnley,Everton,3,2,H,19:30,Turf Moor,19830.0,Mike Dean
2021-2022,2022-04-08,Newcastle Utd,Wolves,1,0,H,20:00,St. James' Park,52164.0,Peter Bankes
2021-2022,2022-04-09,Everton,Manchester Utd,1,0,H,12:30,Goodison Park,39080.0,Jonathan Moss
2021-2022,2022-04-09,Arsenal,Brighton,1,2,A,15:00,Emirates Stadium,60112.0,David Coote
2021-2022,2022-04-09,Watford,Leeds United,0,3,A,15:00,Vicarage Road Stadium,20957.0,Andre Marriner
2021-2022,2022-04-09,Southampton,Chelsea,0,6,A,15:00,St. Mary's Stadium,31359.0,Kevin Friend
2021-2022,2022-04-09,Aston Villa,Tottenham,0,4,A,17:30,Villa Park,41949.0,Graham Scott
2021-2022,2022-04-10,Brentford,West Ham,2,0,H,14:00,Brentford Community Stadium,17032.0,Martin Atkinson
2021-2022,2022-04-10,Norwich City,Burnley,2,0,H,14:00,Carrow Road,26361.0,Michael Oliver
2021-2022,2022-04-10,Leicester City,Crystal Palace,2,1,H,14:00,King Power Stadium,31896.0,Robert Jones
2021-2022,2022-04-10,Manchester City,Liverpool,2,2,D,16:30,Etihad Stadium,53197.0,Anthony Taylor
2021-2022,2022-04-16,Tottenham,Brighton,0,1,A,12:30,Tottenham Hotspur Stadium,58685.0,Craig Pawson
2021-2022,2022-04-16,Watford,Brentford,1,2,A,15:00,Vicarage Road Stadium,21045.0,Simon Hooper
2021-2022,2022-04-16,Southampton,Arsenal,1,0,H,15:00,St. Mary's Stadium,31465.0,Peter Bankes
2021-2022,2022-04-16,Manchester Utd,Norwich City,3,2,H,15:00,Old Trafford,73381.0,Andy Madley
2021-2022,2022-04-17,West Ham,Burnley,1,1,D,14:15,London Stadium,59958.0,Paul Tierney
2021-2022,2022-04-17,Newcastle Utd,Leicester City,2,1,H,14:15,St. James' Park,52104.0,Jarred Gillett
2021-2022,2022-04-19,Liverpool,Manchester Utd,4,0,H,20:00,Anfield,52686.0,Martin Atkinson
2021-2022,2022-04-20,Everton,Leicester City,1,1,D,19:45,Goodison Park,39153.0,David Coote
2021-2022,2022-04-20,Chelsea,Arsenal,2,4,A,19:45,Stamford Bridge,32249.0,Jonathan Moss
2021-2022,2022-04-20,Newcastle Utd,Crystal Palace,1,0,H,19:45,St. James' Park,51938.0,Tony Harrington
2021-2022,2022-04-20,Manchester City,Brighton,3,0,H,20:00,Etihad Stadium,52226.0,Mike Dean
2021-2022,2022-04-21,Burnley,Southampton,2,0,H,19:45,Turf Moor,17384.0,Stuart Attwell
2021-2022,2022-04-23,Arsenal,Manchester Utd,3,1,H,12:30,Emirates Stadium,60223.0,Craig Pawson
2021-2022,2022-04-23,Norwich City,Newcastle Utd,0,3,A,15:00,Carrow Road,26910.0,Chris Kavanagh
2021-2022,2022-04-23,Leicester City,Aston Villa,0,0,D,15:00,King Power Stadium,32185.0,Andy Madley
2021-2022,2022-04-23,Manchester City,Watford,5,1,H,15:00,Etihad Stadium,53013.0,Kevin Friend
2021-2022,2022-04-23,Brentford,Tottenham,0,0,D,17:30,Brentford Community Stadium,17072.0,Martin Atkinson
2021-2022,2022-04-24,Chelsea,West Ham,1,0,H,14:00,Stamford Bridge,32231.0,Michael Oliver
2021-2022,2022-04-24,Burnley,Wolves,1,0,H,14:00,Turf Moor,19246.0,Anthony Taylor
2021-2022,2022-04-24,Brighton,Southampton,2,2,D,14:00,The American Express Community Stadium,31335.0,Robert Jones
2021-2022,2022-04-24,Liverpool,Everton,2,0,H,16:30,Anfield,53213.0,Stuart Attwell
2021-2022,2022-04-25,Crystal Palace,Leeds United,0,0,D,20:00,Selhurst Park,25357.0,Darren England
2021-2022,2022-04-28,Manchester Utd,Chelsea,1,1,D,19:45,Old Trafford,73564.0,Mike Dean
2021-2022,2022-04-30,Newcastle Utd,Liverpool,0,1,A,12:30,St. James' Park,52281.0,Andre Marriner
2021-2022,2022-04-30,Watford,Burnley,1,2,A,15:00,Vicarage Road Stadium,20738.0,Craig Pawson
2021-2022,2022-04-30,Wolves,Brighton,0,3,A,15:00,Molineux Stadium,31243.0,Simon Hooper
2021-2022,2022-04-30,Aston Villa,Norwich City,2,0,H,15:00,Villa Park,40290.0,John Brooks
2021-2022,2022-04-30,Southampton,Crystal Palace,1,2,A,15:00,St. Mary's Stadium,31359.0,Jarred Gillett
2021-2022,2022-04-30,Leeds United,Manchester City,0,4,A,17:30,Elland Road,35771.0,Paul Tierney
2021-2022,2022-05-01,Tottenham,Leicester City,3,1,H,14:00,Tottenham Hotspur Stadium,59482.0,Jonathan Moss
2021-2022,2022-05-01,Everton,Chelsea,1,0,H,14:00,Goodison Park,39256.0,Kevin Friend
2021-2022,2022-05-01,West Ham,Arsenal,1,2,A,16:30,London Stadium,59959.0,Mike Dean
2021-2022,2022-05-02,Manchester Utd,Brentford,3,0,H,20:00,Old Trafford,73482.0,Chris Kavanagh
2021-2022,2022-05-07,Burnley,Aston Villa,1,3,A,15:00,Turf Moor,20891.0,David Coote
2021-2022,2022-05-07,Crystal Palace,Watford,1,0,H,15:00,Selhurst Park,24622.0,Graham Scott
2021-2022,2022-05-07,Brentford,Southampton,3,0,H,15:00,Brentford Community Stadium,17051.0,Michael Salisbury
2021-2022,2022-05-07,Chelsea,Wolves,2,2,D,15:00,Stamford Bridge,32190.0,Peter Bankes
2021-2022,2022-05-07,Brighton,Manchester Utd,4,0,H,17:30,The American Express Community Stadium,31637.0,Andy Madley
2021-2022,2022-05-07,Liverpool,Tottenham,1,1,D,19:45,Anfield,53177.0,Michael Oliver
2021-2022,2022-05-08,Leicester City,Everton,1,2,A,14:00,King Power Stadium,32001.0,Craig Pawson
2021-2022,2022-05-08,Arsenal,Leeds United,2,1,H,14:00,Emirates Stadium,60108.0,Chris Kavanagh
2021-2022,2022-05-08,Norwich City,West Ham,0,4,A,14:00,Carrow Road,26428.0,Robert Jones
2021-2022,2022-05-08,Manchester City,Newcastle Utd,5,0,H,16:30,Etihad Stadium,53336.0,Stuart Attwell
2021-2022,2022-05-10,Aston Villa,Liverpool,1,2,A,20:00,Villa Park,41919.0,Jonathan Moss
2021-2022,2022-05-11,Leeds United,Chelsea,0,3,A,19:30,Elland Road,36549.0,Anthony Taylor
2021-2022,2022-05-11,Leicester City,Norwich City,3,0,H,19:45,King Power Stadium,38092.0,Simon Hooper
2021-2022,2022-05-11,Watford,Everton,0,0,D,19:45,Vicarage Road Stadium,20653.0,Mike Dean
2021-2022,2022-05-11,Wolves,Manchester City,1,5,A,20:15,Molineux Stadium,32000.0,Martin Atkinson
2021-2022,2022-05-12,Tottenham,Arsenal,3,0,H,19:45,Tottenham Hotspur Stadium,62027.0,Paul Tierney
2021-2022,2022-05-15,Tottenham,Burnley,1,0,H,12:00,Tottenham Hotspur Stadium,61729.0,Kevin Friend
2021-2022,2022-05-15,Wolves,Norwich City,1,1,D,14:00,Molineux Stadium,31219.0,Tony Harrington
2021-2022,2022-05-15,Aston Villa,Crystal Palace,1,1,D,14:00,Villa Park,41136.0,Chris Kavanagh
2021-2022,2022-05-15,Watford,Leicester City,1,5,A,14:00,Vicarage Road Stadium,20257.0,Jarred Gillett
2021-2022,2022-05-15,West Ham,Manchester City,2,2,D,14:00,London Stadium,59972.0,Anthony Taylor
2021-2022,2022-05-15,Leeds United,Brighton,1,1,D,14:00,Elland Road,36638.0,Mike Dean
2021-2022,2022-05-15,Everton,Brentford,2,3,A,16:30,Goodison Park,38819.0,Michael Oliver
2021-2022,2022-05-16,Newcastle Utd,Arsenal,2,0,H,20:00,St. James' Park,52274.0,Darren England
2021-2022,2022-05-17,Southampton,Liverpool,1,2,A,19:45,St. Mary's Stadium,31588.0,Martin Atkinson
2021-2022,2022-05-19,Everton,Crystal Palace,3,2,H,19:45,Goodison Park,38448.0,Anthony Taylor
2021-2022,2022-05-19,Aston Villa,Burnley,1,1,D,20:00,Villa Park,40468.0,Paul Tierney
2021-2022,2022-05-19,Chelsea,Leicester City,1,1,D,20:00,Stamford Bridge,31478.0,Stuart Attwell
2021-2022,2022-05-22,Burnley,Newcastle Utd,1,2,A,16:00,Turf Moor,21361.0,Craig Pawson
2021-2022,2022-05-22,Crystal Palace,Manchester Utd,1,0,H,16:00,Selhurst Park,25434.0,Martin Atkinson
2021-2022,2022-05-22,Manchester City,Aston Villa,3,2,H,16:00,Etihad Stadium,53395.0,Michael Oliver
2021-2022,2022-05-22,Brentford,Leeds United,1,2,A,16:00,Brentford Community Stadium,16957.0,Paul Tierney
2021-2022,2022-05-22,Arsenal,Everton,5,1,H,16:00,Emirates Stadium,60201.0,Andre Marriner
2021-2022,2022-05-22,Norwich City,Tottenham,0,5,A,16:00,Carrow Road,27022.0,Chris Kavanagh
2021-2022,2022-05-22,Leicester City,Southampton,4,1,H,16:00,King Power Stadium,32003.0,Jonathan Moss
2021-2022,2022-05-22,Liverpool,Wolves,3,1,H,16:00,Anfield,53097.0,Anthony Taylor
2021-2022,2022-05-22,Brighton,West Ham,3,1,H,16:00,The American Express Community Stadium,31604.0,Kevin Friend
2021-2022,2022-05-22,Chelsea,Watford,2,1,H,16:00,Stamford Bridge,32089.0,Mike Dean
2022-2023,2022-08-05,Crystal Palace,Arsenal,0,2,A,20:00,Selhurst Park,25286.0,Anthony Taylor
2022-2023,2022-08-06,Fulham,Liverpool,2,2,D,12:30,Craven Cottage,22207.0,Andy Madley
2022-2023,2022-08-06,Newcastle Utd,Nott'ham Forest,2,0,H,15:00,St James' Park,52245.0,Simon Hooper
2022-2023,2022-08-06,Bournemouth,Aston Villa,2,0,H,15:00,Vitality Stadium,11013.0,Peter Bankes
2022-2023,2022-08-06,Leeds United,Wolves,2,1,H,15:00,Elland Road,36347.0,Robert Jones
2022-2023,2022-08-06,Tottenham,Southampton,4,1,H,15:00,Tottenham Hotspur Stadium,61732.0,Andre Marriner
2022-2023,2022-08-06,Everton,Chelsea,0,1,A,17:30,Goodison Park,39254.0,Craig Pawson
2022-2023,2022-08-07,Leicester City,Brentford,2,2,D,14:00,King Power Stadium,31794.0,Jarred Gillett
2022-2023,2022-08-07,Manchester Utd,Brighton,1,2,A,14:00,Old Trafford,73711.0,Paul Tierney
2022-2023,2022-08-07,West Ham,Manchester City,0,2,A,16:30,London Stadium,62443.0,Michael Oliver
2022-2023,2022-08-13,Aston Villa,Everton,2,1,H,12:30,Villa Park,41883.0,Michael Oliver
2022-2023,2022-08-13,Brighton,Newcastle Utd,0,0,D,15:00,The American Express Community Stadium,31552.0,Graham Scott
2022-2023,2022-08-13,Arsenal,Leicester City,4,2,H,15:00,Emirates Stadium,60033.0,Darren England
2022-2023,2022-08-13,Southampton,Leeds United,2,2,D,15:00,St. Mary's Stadium,30815.0,Tony Harrington
2022-2023,2022-08-13,Wolves,Fulham,0,0,D,15:00,Molineux Stadium,31178.0,John Brooks
2022-2023,2022-08-13,Manchester City,Bournemouth,4,0,H,15:00,Etihad Stadium,53453.0,David Coote
2022-2023,2022-08-13,Brentford,Manchester Utd,4,0,H,17:30,Brentford Community Stadium,17051.0,Stuart Attwell
2022-2023,2022-08-14,Nott'ham Forest,West Ham,1,0,H,14:00,The City Ground,29281.0,Robert Jones
2022-2023,2022-08-14,Chelsea,Tottenham,2,2,D,16:30,Stamford Bridge,39946.0,Anthony Taylor
2022-2023,2022-08-15,Liverpool,Crystal Palace,1,1,D,20:00,Anfield,52970.0,Paul Tierney
2022-2023,2022-08-20,Tottenham,Wolves,1,0,H,12:30,Tottenham Hotspur Stadium,61298.0,Simon Hooper
2022-2023,2022-08-20,Everton,Nott'ham Forest,1,1,D,15:00,Goodison Park,39271.0,Andre Marriner
2022-2023,2022-08-20,Crystal Palace,Aston Villa,3,1,H,15:00,Selhurst Park,22012.0,Andy Madley
2022-2023,2022-08-20,Fulham,Brentford,3,2,H,15:00,Craven Cottage,21798.0,Peter Bankes
2022-2023,2022-08-20,Leicester City,Southampton,1,2,A,15:00,King Power Stadium,30850.0,Michael Salisbury
2022-2023,2022-08-20,Bournemouth,Arsenal,0,3,A,17:30,Vitality Stadium,10423.0,Craig Pawson
2022-2023,2022-08-21,West Ham,Brighton,0,2,A,14:00,London Stadium,62449.0,Anthony Taylor
2022-2023,2022-08-21,Leeds United,Chelsea,3,0,H,14:00,Elland Road,36372.0,Stuart Attwell
2022-2023,2022-08-21,Newcastle Utd,Manchester City,3,3,D,16:30,St James' Park,52258.0,Jarred Gillett
2022-2023,2022-08-22,Manchester Utd,Liverpool,2,1,H,20:00,Old Trafford,74147.0,Michael Oliver
2022-2023,2022-08-27,Southampton,Manchester Utd,0,1,A,12:30,St. Mary's Stadium,31196.0,Andy Madley
2022-2023,2022-08-27,Brighton,Leeds United,1,0,H,15:00,The American Express Community Stadium,30953.0,Michael Salisbury
2022-2023,2022-08-27,Brentford,Everton,1,1,D,15:00,Brentford Community Stadium,17009.0,John Brooks
2022-2023,2022-08-27,Manchester City,Crystal Palace,4,2,H,15:00,Etihad Stadium,53112.0,Darren England
2022-2023,2022-08-27,Chelsea,Leicester City,2,1,H,15:00,Stamford Bridge,39953.0,Paul Tierney
2022-2023,2022-08-27,Liverpool,Bournemouth,9,0,H,15:00,Anfield,53328.0,Stuart Attwell
2022-2023,2022-08-27,Arsenal,Fulham,2,1,H,17:30,Emirates Stadium,60164.0,Jarred Gillett
2022-2023,2022-08-28,Wolves,Newcastle Utd,1,1,D,14:00,Molineux Stadium,31311.0,Peter Bankes
2022-2023,2022-08-28,Aston Villa,West Ham,0,1,A,14:00,Villa Park,41796.0,David Coote
2022-2023,2022-08-28,Nott'ham Forest,Tottenham,0,2,A,16:30,The City Ground,29296.0,Craig Pawson
2022-2023,2022-08-30,Fulham,Brighton,2,1,H,19:30,Craven Cottage,22224.0,Thomas Bramall
2022-2023,2022-08-30,Crystal Palace,Brentford,1,1,D,19:30,Selhurst Park,25043.0,Simon Hooper
2022-2023,2022-08-30,Southampton,Chelsea,2,1,H,19:45,St. Mary's Stadium,31542.0,Michael Oliver
2022-2023,2022-08-30,Leeds United,Everton,1,1,D,20:00,Elland Road,36338.0,Darren England
2022-2023,2022-08-31,Bournemouth,Wolves,0,0,D,19:30,Vitality Stadium,10113.0,Anthony Taylor
2022-2023,2022-08-31,Manchester City,Nott'ham Forest,6,0,H,19:30,Etihad Stadium,53409.0,Paul Tierney
2022-2023,2022-08-31,Arsenal,Aston Villa,2,1,H,19:30,Emirates Stadium,60012.0,Robert Jones
2022-2023,2022-08-31,West Ham,Tottenham,1,1,D,19:45,London Stadium,62450.0,Peter Bankes
2022-2023,2022-08-31,Liverpool,Newcastle Utd,2,1,H,20:00,Anfield,53316.0,Andre Marriner
2022-2023,2022-09-01,Leicester City,Manchester Utd,0,1,A,20:00,King Power Stadium,32226.0,Craig Pawson
2022-2023,2022-09-03,Everton,Liverpool,0,0,D,12:30,Goodison Park,39240.0,Anthony Taylor
2022-2023,2022-09-03,Tottenham,Fulham,2,1,H,15:00,Tottenham Hotspur Stadium,61641.0,Stuart Attwell
2022-2023,2022-09-03,Nott'ham Forest,Bournemouth,2,3,A,15:00,The City Ground,28720.0,Michael Oliver
2022-2023,2022-09-03,Wolves,Southampton,1,0,H,15:00,Molineux Stadium,30546.0,John Brooks
2022-2023,2022-09-03,Newcastle Utd,Crystal Palace,0,0,D,15:00,St James' Park,51863.0,Michael Salisbury
2022-2023,2022-09-03,Chelsea,West Ham,2,1,H,15:00,Stamford Bridge,39923.0,Andy Madley
2022-2023,2022-09-03,Brentford,Leeds United,5,2,H,15:00,Brentford Community Stadium,17092.0,Robert Jones
2022-2023,2022-09-03,Aston Villa,Manchester City,1,1,D,17:30,Villa Park,41830.0,Simon Hooper
2022-2023,2022-09-04,Brighton,Leicester City,5,2,H,14:00,The American Express Community Stadium,31185.0,Tony Harrington
2022-2023,2022-09-04,Manchester Utd,Arsenal,3,1,H,16:30,Old Trafford,73431.0,Paul Tierney
2022-2023,2022-09-16,Nott'ham Forest,Fulham,2,3,A,20:00,The City Ground,28654.0,Jarred Gillett
2022-2023,2022-09-16,Aston Villa,Southampton,1,0,H,20:00,Villa Park,40758.0,Tony Harrington
2022-2023,2022-09-17,Wolves,Manchester City,0,3,A,12:30,Molineux Stadium,31578.0,Anthony Taylor
2022-2023,2022-09-17,Newcastle Utd,Bournemouth,1,1,D,15:00,St James' Park,52238.0,Craig Pawson
2022-2023,2022-09-17,Tottenham,Leicester City,6,2,H,17:30,Tottenham Hotspur Stadium,61450.0,Simon Hooper
2022-2023,2022-09-18,Brentford,Arsenal,0,3,A,12:00,Brentford Community Stadium,17122.0,David Coote
2022-2023,2022-09-18,Everton,West Ham,1,0,H,14:15,Goodison Park,39298.0,Michael Oliver
2022-2023,2022-10-01,Arsenal,Tottenham,3,1,H,12:30,Emirates Stadium,60278.0,Anthony Taylor
2022-2023,2022-10-01,Fulham,Newcastle Utd,1,4,A,15:00,Craven Cottage,22913.0,Darren England
2022-2023,2022-10-01,Liverpool,Brighton,3,3,D,15:00,Anfield,53320.0,Andy Madley
2022-2023,2022-10-01,Crystal Palace,Chelsea,1,2,A,15:00,Selhurst Park,25198.0,Chris Kavanagh
2022-2023,2022-10-01,Bournemouth,Brentford,0,0,D,15:00,Vitality Stadium,10126.0,Thomas Bramall
2022-2023,2022-10-01,Southampton,Everton,1,2,A,15:00,St. Mary's Stadium,30510.0,Andre Marriner
2022-2023,2022-10-01,West Ham,Wolves,2,0,H,17:30,London Stadium,62444.0,Paul Tierney
2022-2023,2022-10-02,Manchester City,Manchester Utd,6,3,H,14:00,Etihad Stadium,53475.0,Michael Oliver
2022-2023,2022-10-02,Leeds United,Aston Villa,0,0,D,16:30,Elland Road,36582.0,Stuart Attwell
2022-2023,2022-10-03,Leicester City,Nott'ham Forest,4,0,H,20:00,King Power Stadium,32202.0,Robert Jones
2022-2023,2022-10-08,Newcastle Utd,Brentford,5,1,H,15:00,St James' Park,52067.0,John Brooks
2022-2023,2022-10-08,Bournemouth,Leicester City,2,1,H,15:00,Vitality Stadium,10272.0,Michael Salisbury
2022-2023,2022-10-08,Chelsea,Wolves,3,0,H,15:00,Stamford Bridge,39940.0,Simon Hooper
2022-2023,2022-10-08,Manchester City,Southampton,4,0,H,15:00,Etihad Stadium,53365.0,Andy Madley
2022-2023,2022-10-08,Brighton,Tottenham,0,1,A,17:30,The American Express Community Stadium,31498.0,Tony Harrington
2022-2023,2022-10-09,West Ham,Fulham,3,1,H,14:00,London Stadium,62407.0,Chris Kavanagh
2022-2023,2022-10-09,Crystal Palace,Leeds United,2,1,H,14:00,Selhurst Park,25042.0,Paul Tierney
2022-2023,2022-10-09,Arsenal,Liverpool,3,2,H,16:30,Emirates Stadium,60059.0,Michael Oliver
2022-2023,2022-10-09,Everton,Manchester Utd,1,2,A,19:00,Goodison Park,39258.0,David Coote
2022-2023,2022-10-10,Nott'ham Forest,Aston Villa,1,1,D,20:00,The City Ground,29208.0,Anthony Taylor
2022-2023,2022-10-14,Brentford,Brighton,2,0,H,20:00,Brentford Community Stadium,17016.0,Michael Salisbury
2022-2023,2022-10-15,Leicester City,Crystal Palace,0,0,D,12:30,King Power Stadium,31298.0,Andy Madley
2022-2023,2022-10-15,Fulham,Bournemouth,2,2,D,15:00,Craven Cottage,22541.0,Graham Scott
2022-2023,2022-10-15,Wolves,Nott'ham Forest,1,0,H,15:00,Molineux Stadium,31554.0,Thomas Bramall
2022-2023,2022-10-15,Tottenham,Everton,2,0,H,17:30,Tottenham Hotspur Stadium,61812.0,Paul Tierney
2022-2023,2022-10-16,Manchester Utd,Newcastle Utd,0,0,D,14:00,Old Trafford,73726.0,Craig Pawson
2022-2023,2022-10-16,Aston Villa,Chelsea,0,2,A,14:00,Villa Park,41754.0,Robert Jones
2022-2023,2022-10-16,Leeds United,Arsenal,0,1,A,14:00,Elland Road,36700.0,Chris Kavanagh
2022-2023,2022-10-16,Southampton,West Ham,1,1,D,14:00,St. Mary's Stadium,29159.0,Peter Bankes
2022-2023,2022-10-16,Liverpool,Manchester City,1,0,H,16:30,Anfield,53286.0,Anthony Taylor
2022-2023,2022-10-18,Brighton,Nott'ham Forest,0,0,D,19:30,The American Express Community Stadium,31463.0,Darren England
2022-2023,2022-10-18,Crystal Palace,Wolves,2,1,H,20:15,Selhurst Park,25125.0,David Coote
2022-2023,2022-10-19,Bournemouth,Southampton,0,1,A,19:30,Vitality Stadium,10405.0,John Brooks
2022-2023,2022-10-19,Newcastle Utd,Everton,1,0,H,19:30,St James' Park,52247.0,Tony Harrington
2022-2023,2022-10-19,Brentford,Chelsea,0,0,D,19:30,Brentford Community Stadium,17118.0,Jarred Gillett
2022-2023,2022-10-19,Liverpool,West Ham,1,0,H,19:30,Anfield,52982.0,Stuart Attwell
2022-2023,2022-10-19,Manchester Utd,Tottenham,2,0,H,20:15,Old Trafford,73677.0,Simon Hooper
2022-2023,2022-10-20,Fulham,Aston Villa,3,0,H,19:30,Craven Cottage,23508.0,Michael Oliver
2022-2023,2022-10-20,Leicester City,Leeds United,2,0,H,20:15,King Power Stadium,30814.0,Peter Bankes
2022-2023,2022-10-22,Nott'ham Forest,Liverpool,1,0,H,12:30,The City Ground,29245.0,Paul Tierney
2022-2023,2022-10-22,Everton,Crystal Palace,3,0,H,15:00,Goodison Park,38939.0,Simon Hooper
2022-2023,2022-10-22,Manchester City,Brighton,3,1,H,15:00,Etihad Stadium,53223.0,Craig Pawson
2022-2023,2022-10-22,Chelsea,Manchester Utd,1,1,D,17:30,Stamford Bridge,39503.0,Stuart Attwell
2022-2023,2022-10-23,Wolves,Leicester City,0,4,A,14:00,Molineux Stadium,31425.0,Michael Oliver
2022-2023,2022-10-23,Aston Villa,Brentford,4,0,H,14:00,Villa Park,41693.0,Darren England
2022-2023,2022-10-23,Leeds United,Fulham,2,3,A,14:00,Elland Road,36447.0,Anthony Taylor
2022-2023,2022-10-23,Southampton,Arsenal,1,1,D,14:00,St. Mary's Stadium,31145.0,Robert Jones
2022-2023,2022-10-23,Tottenham,Newcastle Utd,1,2,A,16:30,Tottenham Hotspur Stadium,61726.0,Jarred Gillett
2022-2023,2022-10-24,West Ham,Bournemouth,2,0,H,20:00,London Stadium,62447.0,David Coote
2022-2023,2022-10-29,Leicester City,Manchester City,0,1,A,12:30,King Power Stadium,32223.0,Robert Jones
2022-2023,2022-10-29,Crystal Palace,Southampton,1,0,H,15:00,Selhurst Park,25130.0,Michael Salisbury
2022-2023,2022-10-29,Newcastle Utd,Aston Villa,4,0,H,15:00,St James' Park,52233.0,Paul Tierney
2022-2023,2022-10-29,Bournemouth,Tottenham,2,3,A,15:00,Vitality Stadium,10430.0,Anthony Taylor
2022-2023,2022-10-29,Brighton,Chelsea,4,1,H,15:00,The American Express Community Stadium,31746.0,Andy Madley
2022-2023,2022-10-29,Brentford,Wolves,1,1,D,15:00,Brentford Community Stadium,17051.0,Robert Madley
2022-2023,2022-10-29,Fulham,Everton,0,0,D,17:30,Craven Cottage,23534.0,John Brooks
2022-2023,2022-10-29,Liverpool,Leeds United,1,2,A,19:45,Anfield,53274.0,Michael Oliver
2022-2023,2022-10-30,Arsenal,Nott'ham Forest,5,0,H,14:00,Emirates Stadium,60263.0,Simon Hooper
2022-2023,2022-10-30,Manchester Utd,West Ham,1,0,H,16:15,Old Trafford,73682.0,Chris Kavanagh
2022-2023,2022-11-05,Leeds United,Bournemouth,4,3,H,15:00,Elland Road,36304.0,Tony Harrington
2022-2023,2022-11-05,Wolves,Brighton,2,3,A,15:00,Molineux Stadium,30732.0,Graham Scott
2022-2023,2022-11-05,Manchester City,Fulham,2,1,H,15:00,Etihad Stadium,52395.0,Darren England
2022-2023,2022-11-05,Nott'ham Forest,Brentford,2,2,D,15:00,The City Ground,28869.0,Andre Marriner
2022-2023,2022-11-05,Everton,Leicester City,0,2,A,17:30,Goodison Park,39206.0,David Coote
2022-2023,2022-11-06,Chelsea,Arsenal,0,1,A,12:00,Stamford Bridge,40142.0,Michael Oliver
2022-2023,2022-11-06,Southampton,Newcastle Utd,1,4,A,14:00,St. Mary's Stadium,30402.0,Stuart Attwell
2022-2023,2022-11-06,West Ham,Crystal Palace,1,2,A,14:00,London Stadium,62451.0,Paul Tierney
2022-2023,2022-11-06,Aston Villa,Manchester Utd,3,1,H,14:00,Villa Park,42058.0,Anthony Taylor
2022-2023,2022-11-06,Tottenham,Liverpool,1,2,A,16:30,Tottenham Hotspur Stadium,62008.0,Andy Madley
2022-2023,2022-11-12,Manchester City,Brentford,1,2,A,12:30,Etihad Stadium,52786.0,Peter Bankes
2022-2023,2022-11-12,Tottenham,Leeds United,4,3,H,15:00,Tottenham Hotspur Stadium,61667.0,Michael Salisbury
2022-2023,2022-11-12,Nott'ham Forest,Crystal Palace,1,0,H,15:00,The City Ground,29045.0,John Brooks
2022-2023,2022-11-12,West Ham,Leicester City,0,2,A,15:00,London Stadium,62459.0,Jarred Gillett
2022-2023,2022-11-12,Liverpool,Southampton,3,1,H,15:00,Anfield,53331.0,Simon Hooper
2022-2023,2022-11-12,Bournemouth,Everton,3,0,H,15:00,Vitality Stadium,10382.0,Craig Pawson
2022-2023,2022-11-12,Newcastle Utd,Chelsea,1,0,H,17:30,St James' Park,52264.0,Robert Jones
2022-2023,2022-11-12,Wolves,Arsenal,0,2,A,19:45,Molineux Stadium,34624.0,Stuart Attwell
2022-2023,2022-11-13,Brighton,Aston Villa,1,2,A,14:00,The American Express Community Stadium,31581.0,Chris Kavanagh
2022-2023,2022-11-13,Fulham,Manchester Utd,1,2,A,16:30,Craven Cottage,24246.0,Paul Tierney
2022-2023,2022-12-26,Brentford,Tottenham,2,2,D,12:30,Brentford Community Stadium,17137.0,David Coote
2022-2023,2022-12-26,Crystal Palace,Fulham,0,3,A,15:00,Selhurst Park,25176.0,Andy Madley
2022-2023,2022-12-26,Everton,Wolves,1,2,A,15:00,Goodison Park,39252.0,Craig Pawson
2022-2023,2022-12-26,Leicester City,Newcastle Utd,0,3,A,15:00,King Power Stadium,32185.0,Jarred Gillett
2022-2023,2022-12-26,Southampton,Brighton,1,3,A,15:00,St. Mary's Stadium,31010.0,Robert Jones
2022-2023,2022-12-26,Aston Villa,Liverpool,1,3,A,17:30,Villa Park,42085.0,Paul Tierney
2022-2023,2022-12-26,Arsenal,West Ham,3,1,H,20:00,Emirates Stadium,60125.0,Michael Oliver
2022-2023,2022-12-27,Chelsea,Bournemouth,2,0,H,17:30,Stamford Bridge,40046.0,Simon Hooper
2022-2023,2022-12-27,Manchester Utd,Nott'ham Forest,3,0,H,20:00,Old Trafford,73608.0,Anthony Taylor
2022-2023,2022-12-28,Leeds United,Manchester City,1,3,A,20:00,Elland Road,36889.0,Stuart Attwell
2022-2023,2022-12-30,West Ham,Brentford,0,2,A,19:45,London Stadium,62467.0,Darren England
2022-2023,2022-12-30,Liverpool,Leicester City,2,1,H,20:00,Anfield,53343.0,Craig Pawson
2022-2023,2022-12-31,Wolves,Manchester Utd,0,1,A,12:30,Molineux Stadium,31658.0,Robert Jones
2022-2023,2022-12-31,Newcastle Utd,Leeds United,0,0,D,15:00,St James' Park,52211.0,Simon Hooper
2022-2023,2022-12-31,Fulham,Southampton,2,1,H,15:00,Craven Cottage,24344.0,Graham Scott
2022-2023,2022-12-31,Bournemouth,Crystal Palace,0,2,A,15:00,Vitality Stadium,9972.0,Andre Marriner
2022-2023,2022-12-31,Manchester City,Everton,1,1,D,15:00,Etihad Stadium,53444.0,Andy Madley
2022-2023,2022-12-31,Brighton,Arsenal,2,4,A,17:30,The American Express Community Stadium,31647.0,Anthony Taylor
2022-2023,2023-01-01,Tottenham,Aston Villa,0,2,A,14:00,Tottenham Hotspur Stadium,61651.0,John Brooks
2022-2023,2023-01-01,Nott'ham Forest,Chelsea,1,1,D,16:30,The City Ground,29229.0,Peter Bankes
2022-2023,2023-01-02,Brentford,Liverpool,3,1,H,17:30,Brentford Community Stadium,17163.0,Stuart Attwell
2022-2023,2023-01-03,Leicester City,Fulham,0,1,A,19:45,King Power Stadium,30813.0,Darren Bond
2022-2023,2023-01-03,Everton,Brighton,1,4,A,19:45,Goodison Park,39103.0,Andre Marriner
2022-2023,2023-01-03,Arsenal,Newcastle Utd,0,0,D,19:45,Emirates Stadium,60319.0,Andy Madley
2022-2023,2023-01-03,Manchester Utd,Bournemouth,3,0,H,20:00,Old Trafford,73322.0,Michael Salisbury
2022-2023,2023-01-04,Southampton,Nott'ham Forest,0,1,A,19:30,St. Mary's Stadium,30150.0,Thomas Bramall
2022-2023,2023-01-04,Leeds United,West Ham,2,2,D,19:45,Elland Road,36173.0,David Coote
2022-2023,2023-01-04,Crystal Palace,Tottenham,0,4,A,20:00,Selhurst Park,25132.0,Michael Oliver
2022-2023,2023-01-04,Aston Villa,Wolves,1,1,D,20:00,Villa Park,39978.0,Jarred Gillett
2022-2023,2023-01-05,Chelsea,Manchester City,0,1,A,20:00,Stamford Bridge,39998.0,Paul Tierney
2022-2023,2023-01-12,Fulham,Chelsea,2,1,H,20:00,Craven Cottage,24460.0,David Coote
2022-2023,2023-01-13,Aston Villa,Leeds United,2,1,H,20:00,Villa Park,42008.0,Michael Oliver
2022-2023,2023-01-14,Manchester Utd,Manchester City,2,1,H,12:30,Old Trafford,75546.0,Stuart Attwell
2022-2023,2023-01-14,Nott'ham Forest,Leicester City,2,0,H,15:00,The City Ground,29301.0,Paul Tierney
2022-2023,2023-01-14,Wolves,West Ham,1,0,H,15:00,Molineux Stadium,31511.0,Simon Hooper
2022-2023,2023-01-14,Brighton,Liverpool,3,0,H,15:00,The American Express Community Stadium,31645.0,Darren England
2022-2023,2023-01-14,Everton,Southampton,1,2,A,15:00,Goodison Park,39305.0,John Brooks
2022-2023,2023-01-14,Brentford,Bournemouth,2,0,H,17:30,Brentford Community Stadium,17031.0,Jarred Gillett
2022-2023,2023-01-15,Newcastle Utd,Fulham,1,0,H,14:00,St James' Park,52247.0,Robert Jones
2022-2023,2023-01-15,Chelsea,Crystal Palace,1,0,H,14:00,Stamford Bridge,40075.0,Peter Bankes
2022-2023,2023-01-15,Tottenham,Arsenal,0,2,A,16:30,Tottenham Hotspur Stadium,61870.0,Craig Pawson
2022-2023,2023-01-18,Crystal Palace,Manchester Utd,1,1,D,20:00,Selhurst Park,23343.0,Robert Jones
2022-2023,2023-01-19,Manchester City,Tottenham,4,2,H,20:00,Etihad Stadium,53088.0,Simon Hooper
2022-2023,2023-01-21,Liverpool,Chelsea,0,0,D,12:30,Anfield,53126.0,Michael Oliver
2022-2023,2023-01-21,Southampton,Aston Villa,0,1,A,15:00,St. Mary's Stadium,30158.0,Michael Salisbury
2022-2023,2023-01-21,Bournemouth,Nott'ham Forest,1,1,D,15:00,Vitality Stadium,10248.0,Andy Madley
2022-2023,2023-01-21,Leicester City,Brighton,2,2,D,15:00,King Power Stadium,32056.0,Thomas Bramall
2022-2023,2023-01-21,West Ham,Everton,2,0,H,15:00,London Stadium,62470.0,Stuart Attwell
2022-2023,2023-01-21,Crystal Palace,Newcastle Utd,0,0,D,17:30,Selhurst Park,25350.0,Craig Pawson
2022-2023,2023-01-22,Leeds United,Brentford,0,0,D,14:00,Elland Road,36260.0,Peter Bankes
2022-2023,2023-01-22,Manchester City,Wolves,3,0,H,14:00,Etihad Stadium,53282.0,David Coote
2022-2023,2023-01-22,Arsenal,Manchester Utd,3,2,H,16:30,Emirates Stadium,60325.0,Anthony Taylor
2022-2023,2023-01-23,Fulham,Tottenham,0,1,A,20:00,Craven Cottage,24190.0,Paul Tierney
2022-2023,2023-02-03,Chelsea,Fulham,0,0,D,20:00,Stamford Bridge,40041.0,Stuart Attwell
2022-2023,2023-02-04,Everton,Arsenal,1,0,H,12:30,Goodison Park,39314.0,David Coote
2022-2023,2023-02-04,Brentford,Southampton,3,0,H,15:00,Brentford Community Stadium,17051.0,Darren Bond
2022-2023,2023-02-04,Wolves,Liverpool,3,0,H,15:00,Molineux Stadium,31664.0,Paul Tierney
2022-2023,2023-02-04,Manchester Utd,Crystal Palace,2,1,H,15:00,Old Trafford,73420.0,Andre Marriner
2022-2023,2023-02-04,Aston Villa,Leicester City,2,4,A,15:00,Villa Park,42055.0,Darren England
2022-2023,2023-02-04,Brighton,Bournemouth,1,0,H,15:00,The American Express Community Stadium,31600.0,Craig Pawson
2022-2023,2023-02-04,Newcastle Utd,West Ham,1,1,D,17:30,St James' Park,52256.0,Peter Bankes
2022-2023,2023-02-05,Nott'ham Forest,Leeds United,1,0,H,14:00,The City Ground,29363.0,Robert Jones
2022-2023,2023-02-05,Tottenham,Manchester City,1,0,H,16:30,Tottenham Hotspur Stadium,61747.0,Andy Madley
2022-2023,2023-02-08,Manchester Utd,Leeds United,2,2,D,20:00,Old Trafford,73456.0,Simon Hooper
2022-2023,2023-02-11,West Ham,Chelsea,1,1,D,12:30,London Stadium,62471.0,Craig Pawson
2022-2023,2023-02-11,Arsenal,Brentford,1,1,D,15:00,Emirates Stadium,60254.0,Peter Bankes
2022-2023,2023-02-11,Leicester City,Tottenham,4,1,H,15:00,King Power Stadium,32184.0,Michael Salisbury
2022-2023,2023-02-11,Fulham,Nott'ham Forest,2,0,H,15:00,Craven Cottage,24244.0,Andy Madley
2022-2023,2023-02-11,Crystal Palace,Brighton,1,1,D,15:00,Selhurst Park,24827.0,Michael Oliver
2022-2023,2023-02-11,Southampton,Wolves,1,2,A,15:00,St. Mary's Stadium,29751.0,Jarred Gillett
2022-2023,2023-02-11,Bournemouth,Newcastle Utd,1,1,D,17:30,Vitality Stadium,10419.0,Stuart Attwell
2022-2023,2023-02-12,Leeds United,Manchester Utd,0,2,A,14:00,Elland Road,36919.0,Paul Tierney
2022-2023,2023-02-12,Manchester City,Aston Villa,3,1,H,16:30,Etihad Stadium,53392.0,Robert Jones
2022-2023,2023-02-13,Liverpool,Everton,2,0,H,20:00,Anfield,53027.0,Simon Hooper
2022-2023,2023-02-15,Arsenal,Manchester City,1,3,A,19:30,Emirates Stadium,60276.0,Anthony Taylor
2022-2023,2023-02-18,Aston Villa,Arsenal,2,4,A,12:30,Villa Park,42066.0,Simon Hooper
2022-2023,2023-02-18,Brighton,Fulham,0,1,A,15:00,The American Express Community Stadium,31619.0,Darren England
2022-2023,2023-02-18,Brentford,Crystal Palace,1,1,D,15:00,Brentford Community Stadium,17122.0,Paul Tierney
2022-2023,2023-02-18,Everton,Leeds United,1,0,H,15:00,Goodison Park,39232.0,Andy Madley
2022-2023,2023-02-18,Chelsea,Southampton,0,1,A,15:00,Stamford Bridge,40152.0,David Coote
2022-2023,2023-02-18,Wolves,Bournemouth,0,1,A,15:00,Molineux Stadium,31222.0,Michael Salisbury
2022-2023,2023-02-18,Nott'ham Forest,Manchester City,1,1,D,15:00,The City Ground,29365.0,Graham Scott
2022-2023,2023-02-18,Newcastle Utd,Liverpool,0,2,A,17:30,St James' Park,52758.0,Anthony Taylor
2022-2023,2023-02-19,Manchester Utd,Leicester City,3,0,H,14:00,Old Trafford,73578.0,Stuart Attwell
2022-2023,2023-02-19,Tottenham,West Ham,2,0,H,16:30,Tottenham Hotspur Stadium,61476.0,Michael Oliver
2022-2023,2023-02-24,Fulham,Wolves,1,1,D,20:00,Craven Cottage,24399.0,Michael Oliver
2022-2023,2023-02-25,Leicester City,Arsenal,0,1,A,15:00,King Power Stadium,32227.0,Craig Pawson
2022-2023,2023-02-25,Everton,Aston Villa,0,2,A,15:00,Goodison Park,39309.0,Anthony Taylor
2022-2023,2023-02-25,Leeds United,Southampton,1,0,H,15:00,Elland Road,36641.0,Peter Bankes
2022-2023,2023-02-25,West Ham,Nott'ham Forest,4,0,H,15:00,London Stadium,62469.0,Jarred Gillett
2022-2023,2023-02-25,Bournemouth,Manchester City,1,4,A,17:30,Vitality Stadium,10481.0,Paul Tierney
2022-2023,2023-02-25,Crystal Palace,Liverpool,0,0,D,19:45,Selhurst Park,25842.0,Darren England
2022-2023,2023-02-26,Tottenham,Chelsea,2,0,H,13:30,Tottenham Hotspur Stadium,61613.0,Stuart Attwell
2022-2023,2023-03-01,Arsenal,Everton,4,0,H,19:45,Emirates Stadium,60213.0,Michael Oliver
2022-2023,2023-03-01,Liverpool,Wolves,2,0,H,20:00,Anfield,53259.0,Paul Tierney
2022-2023,2023-03-04,Manchester City,Newcastle Utd,2,0,H,12:30,Etihad Stadium,53419.0,Simon Hooper
2022-2023,2023-03-04,Chelsea,Leeds United,1,0,H,15:00,Stamford Bridge,39905.0,Michael Oliver
2022-2023,2023-03-04,Aston Villa,Crystal Palace,1,0,H,15:00,Villa Park,41893.0,Craig Pawson
2022-2023,2023-03-04,Wolves,Tottenham,1,0,H,15:00,Molineux Stadium,31585.0,Tim Robinson
2022-2023,2023-03-04,Brighton,West Ham,4,0,H,15:00,The American Express Community Stadium,31523.0,Stuart Attwell
2022-2023,2023-03-04,Arsenal,Bournemouth,3,2,H,15:00,Emirates Stadium,60222.0,Chris Kavanagh
2022-2023,2023-03-04,Southampton,Leicester City,1,0,H,17:30,St. Mary's Stadium,30139.0,Robert Jones
2022-2023,2023-03-05,Nott'ham Forest,Everton,2,2,D,14:00,The City Ground,29353.0,John Brooks
2022-2023,2023-03-05,Liverpool,Manchester Utd,7,0,H,16:30,Anfield,53001.0,Andy Madley
2022-2023,2023-03-06,Brentford,Fulham,3,2,H,20:00,Brentford Community Stadium,17025.0,Anthony Taylor
2022-2023,2023-03-11,Bournemouth,Liverpool,1,0,H,12:30,Vitality Stadium,10536.0,John Brooks
2022-2023,2023-03-11,Tottenham,Nott'ham Forest,3,1,H,15:00,Tottenham Hotspur Stadium,61460.0,Craig Pawson
2022-2023,2023-03-11,Everton,Brentford,1,0,H,15:00,Goodison Park,39274.0,Simon Hooper
2022-2023,2023-03-11,Leicester City,Chelsea,1,3,A,15:00,King Power Stadium,32170.0,Andre Marriner
2022-2023,2023-03-11,Leeds United,Brighton,2,2,D,15:00,Elland Road,36471.0,Paul Tierney
2022-2023,2023-03-11,Crystal Palace,Manchester City,0,1,A,17:30,Selhurst Park,25844.0,Robert Jones
2022-2023,2023-03-12,Fulham,Arsenal,0,3,A,14:00,Craven Cottage,24426.0,David Coote
2022-2023,2023-03-12,West Ham,Aston Villa,1,1,D,14:00,London Stadium,62472.0,Chris Kavanagh
2022-2023,2023-03-12,Manchester Utd,Southampton,0,0,D,14:00,Old Trafford,73439.0,Anthony Taylor
2022-2023,2023-03-12,Newcastle Utd,Wolves,2,1,H,16:30,St James' Park,52240.0,Andy Madley
2022-2023,2023-03-15,Southampton,Brentford,0,2,A,19:30,St. Mary's Stadium,30438.0,Michael Salisbury
2022-2023,2023-03-15,Brighton,Crystal Palace,1,0,H,19:30,The American Express Community Stadium,30933.0,Peter Bankes
2022-2023,2023-03-17,Nott'ham Forest,Newcastle Utd,1,2,A,20:00,The City Ground,29362.0,Paul Tierney
2022-2023,2023-03-18,Wolves,Leeds United,2,4,A,15:00,Molineux Stadium,31570.0,Michael Salisbury
2022-2023,2023-03-18,Brentford,Leicester City,1,1,D,15:00,Brentford Community Stadium,17006.0,Darren Bond
2022-2023,2023-03-18,Aston Villa,Bournemouth,3,0,H,15:00,Villa Park,41021.0,Robert Jones
2022-2023,2023-03-18,Southampton,Tottenham,3,3,D,15:00,St. Mary's Stadium,30157.0,Simon Hooper
2022-2023,2023-03-18,Chelsea,Everton,2,2,D,17:30,Stamford Bridge,40025.0,Darren England
2022-2023,2023-03-19,Arsenal,Crystal Palace,4,1,H,14:00,Emirates Stadium,60247.0,Stuart Attwell
2022-2023,2023-04-01,Manchester City,Liverpool,4,1,H,12:30,Etihad Stadium,52877.0,Simon Hooper
2022-2023,2023-04-01,Arsenal,Leeds United,4,1,H,15:00,Emirates Stadium,60283.0,Darren England
2022-2023,2023-04-01,Bournemouth,Fulham,2,1,H,15:00,Vitality Stadium,10305.0,Peter Bankes
2022-2023,2023-04-01,Crystal Palace,Leicester City,2,1,H,15:00,Selhurst Park,25147.0,Tim Robinson
2022-2023,2023-04-01,Brighton,Brentford,3,3,D,15:00,The American Express Community Stadium,31493.0,Michael Oliver
2022-2023,2023-04-01,Nott'ham Forest,Wolves,1,1,D,15:00,The City Ground,29368.0,Chris Kavanagh
2022-2023,2023-04-01,Chelsea,Aston Villa,0,2,A,17:30,Stamford Bridge,40082.0,Andy Madley
2022-2023,2023-04-02,West Ham,Southampton,1,0,H,14:00,London Stadium,62498.0,Paul Tierney
2022-2023,2023-04-02,Newcastle Utd,Manchester Utd,2,0,H,16:30,St James' Park,52268.0,Stuart Attwell
2022-2023,2023-04-03,Everton,Tottenham,1,1,D,20:00,Goodison Park,39294.0,David Coote
2022-2023,2023-04-04,Leeds United,Nott'ham Forest,2,1,H,19:45,Elland Road,36740.0,Robert Jones
2022-2023,2023-04-04,Leicester City,Aston Villa,1,2,A,19:45,King Power Stadium,32087.0,Graham Scott
2022-2023,2023-04-04,Bournemouth,Brighton,0,2,A,19:45,Vitality Stadium,10266.0,Darren Bond
2022-2023,2023-04-04,Chelsea,Liverpool,0,0,D,20:00,Stamford Bridge,40093.0,Anthony Taylor
2022-2023,2023-04-05,West Ham,Newcastle Utd,1,5,A,20:00,London Stadium,62481.0,Craig Pawson
2022-2023,2023-04-05,Manchester Utd,Brentford,1,0,H,20:00,Old Trafford,73309.0,John Brooks
2022-2023,2023-04-08,Manchester Utd,Everton,2,0,H,12:30,Old Trafford,73509.0,Michael Oliver
2022-2023,2023-04-08,Fulham,West Ham,0,1,A,15:00,Craven Cottage,24491.0,Jarred Gillett
2022-2023,2023-04-08,Wolves,Chelsea,1,0,H,15:00,Molineux Stadium,31614.0,Peter Bankes
2022-2023,2023-04-08,Tottenham,Brighton,2,1,H,15:00,Tottenham Hotspur Stadium,61405.0,Stuart Attwell
2022-2023,2023-04-08,Leicester City,Bournemouth,0,1,A,15:00,King Power Stadium,32094.0,David Coote
2022-2023,2023-04-08,Brentford,Newcastle Utd,1,2,A,15:00,Brentford Community Stadium,17107.0,Chris Kavanagh
2022-2023,2023-04-08,Aston Villa,Nott'ham Forest,2,0,H,15:00,Villa Park,42076.0,Anthony Taylor
2022-2023,2023-04-08,Southampton,Manchester City,1,4,A,17:30,St. Mary's Stadium,30963.0,Robert Jones
2022-2023,2023-04-09,Leeds United,Crystal Palace,1,5,A,14:00,Elland Road,36427.0,Simon Hooper
2022-2023,2023-04-09,Liverpool,Arsenal,2,2,D,16:30,Anfield,53267.0,Paul Tierney
2022-2023,2023-04-15,Aston Villa,Newcastle Utd,3,0,H,12:30,Villa Park,42055.0,John Brooks
2022-2023,2023-04-15,Southampton,Crystal Palace,0,2,A,15:00,St. Mary's Stadium,30309.0,Michael Oliver
2022-2023,2023-04-15,Everton,Fulham,1,3,A,15:00,Goodison Park,39241.0,Anthony Taylor
2022-2023,2023-04-15,Tottenham,Bournemouth,2,3,A,15:00,Tottenham Hotspur Stadium,61369.0,Andy Madley
2022-2023,2023-04-15,Chelsea,Brighton,1,2,A,15:00,Stamford Bridge,40126.0,Robert Jones
2022-2023,2023-04-15,Wolves,Brentford,2,0,H,15:00,Molineux Stadium,30769.0,Paul Tierney
2022-2023,2023-04-15,Manchester City,Leicester City,3,1,H,17:30,Etihad Stadium,53329.0,Darren England
2022-2023,2023-04-16,West Ham,Arsenal,2,2,D,14:00,London Stadium,62481.0,David Coote
2022-2023,2023-04-16,Nott'ham Forest,Manchester Utd,0,2,A,16:30,The City Ground,29435.0,Simon Hooper
2022-2023,2023-04-17,Leeds United,Liverpool,1,6,A,20:00,Elland Road,36657.0,Craig Pawson
2022-2023,2023-04-21,Arsenal,Southampton,3,3,D,20:00,Emirates Stadium,60175.0,Simon Hooper
2022-2023,2023-04-22,Fulham,Leeds United,2,1,H,12:30,Craven Cottage,24356.0,Peter Bankes
2022-2023,2023-04-22,Brentford,Aston Villa,1,1,D,15:00,Brentford Community Stadium,17098.0,Michael Salisbury
2022-2023,2023-04-22,Crystal Palace,Everton,0,0,D,15:00,Selhurst Park,25202.0,John Brooks
2022-2023,2023-04-22,Liverpool,Nott'ham Forest,3,2,H,15:00,Anfield,53254.0,Michael Oliver
2022-2023,2023-04-22,Leicester City,Wolves,2,1,H,15:00,King Power Stadium,32053.0,Andy Madley
2022-2023,2023-04-23,Bournemouth,West Ham,0,4,A,14:00,Vitality Stadium,10465.0,Anthony Taylor
2022-2023,2023-04-23,Newcastle Utd,Tottenham,6,1,H,14:00,St James' Park,52252.0,David Coote
2022-2023,2023-04-25,Wolves,Crystal Palace,2,0,H,19:30,Molineux Stadium,30294.0,Robert Jones
2022-2023,2023-04-25,Aston Villa,Fulham,1,0,H,19:45,Villa Park,41046.0,Thomas Bramall
2022-2023,2023-04-25,Leeds United,Leicester City,1,1,D,20:00,Elland Road,36666.0,Paul Tierney
2022-2023,2023-04-26,Nott'ham Forest,Brighton,3,1,H,19:30,The City Ground,28808.0,Jarred Gillett
2022-2023,2023-04-26,Chelsea,Brentford,0,2,A,19:45,Stamford Bridge,39929.0,Andy Madley
2022-2023,2023-04-26,West Ham,Liverpool,1,2,A,19:45,London Stadium,62473.0,Chris Kavanagh
2022-2023,2023-04-26,Manchester City,Arsenal,4,1,H,20:00,Etihad Stadium,53482.0,Michael Oliver
2022-2023,2023-04-27,Southampton,Bournemouth,0,1,A,19:45,St. Mary's Stadium,30414.0,Darren England
2022-2023,2023-04-27,Everton,Newcastle Utd,1,4,A,19:45,Goodison Park,39248.0,Andre Marriner
2022-2023,2023-04-27,Tottenham,Manchester Utd,2,2,D,20:15,Tottenham Hotspur Stadium,61586.0,Anthony Taylor
2022-2023,2023-04-29,Crystal Palace,West Ham,4,3,H,12:30,Selhurst Park,25148.0,Craig Pawson
2022-2023,2023-04-29,Brentford,Nott'ham Forest,2,1,H,15:00,Brentford Community Stadium,17080.0,Peter Bankes
2022-2023,2023-04-29,Brighton,Wolves,6,0,H,15:00,The American Express Community Stadium,31584.0,David Coote
2022-2023,2023-04-30,Fulham,Manchester City,1,2,A,14:00,Craven Cottage,24498.0,Simon Hooper
2022-2023,2023-04-30,Manchester Utd,Aston Villa,1,0,H,14:00,Old Trafford,73592.0,Jarred Gillett
2022-2023,2023-04-30,Newcastle Utd,Southampton,3,1,H,14:00,St James' Park,52234.0,Anthony Taylor
2022-2023,2023-04-30,Bournemouth,Leeds United,4,1,H,14:00,Vitality Stadium,10434.0,Chris Kavanagh
2022-2023,2023-04-30,Liverpool,Tottenham,4,3,H,16:30,Anfield,53275.0,Paul Tierney
2022-2023,2023-05-01,Leicester City,Everton,2,2,D,20:00,King Power Stadium,32173.0,Michael Oliver
2022-2023,2023-05-02,Arsenal,Chelsea,3,1,H,20:00,Emirates Stadium,60144.0,Robert Jones
2022-2023,2023-05-03,Liverpool,Fulham,1,0,H,20:00,Anfield,52602.0,Stuart Attwell
2022-2023,2023-05-03,Manchester City,West Ham,3,0,H,20:00,Etihad Stadium,53305.0,John Brooks
2022-2023,2023-05-04,Brighton,Manchester Utd,1,0,H,20:00,The American Express Community Stadium,31577.0,Andre Marriner
2022-2023,2023-05-06,Tottenham,Crystal Palace,1,0,H,15:00,Tottenham Hotspur Stadium,61093.0,Darren England
2022-2023,2023-05-06,Manchester City,Leeds United,2,1,H,15:00,Etihad Stadium,53406.0,Andy Madley
2022-2023,2023-05-06,Bournemouth,Chelsea,1,3,A,15:00,Vitality Stadium,10357.0,John Brooks
2022-2023,2023-05-06,Wolves,Aston Villa,1,0,H,15:00,Molineux Stadium,31641.0,Stuart Attwell
2022-2023,2023-05-06,Liverpool,Brentford,1,0,H,17:30,Anfield,52838.0,Anthony Taylor
2022-2023,2023-05-07,Newcastle Utd,Arsenal,0,2,A,16:30,St James' Park,50267.0,Chris Kavanagh
2022-2023,2023-05-07,West Ham,Manchester Utd,1,0,H,19:00,London Stadium,62477.0,Peter Bankes
2022-2023,2023-05-08,Fulham,Leicester City,5,3,H,15:00,Craven Cottage,24442.0,Robert Jones
2022-2023,2023-05-08,Brighton,Everton,1,5,A,17:30,The American Express Community Stadium,31567.0,Simon Hooper
2022-2023,2023-05-08,Nott'ham Forest,Southampton,4,3,H,20:00,The City Ground,29154.0,Michael Oliver
2022-2023,2023-05-13,Leeds United,Newcastle Utd,2,2,D,12:30,Elland Road,36955.0,Simon Hooper
2022-2023,2023-05-13,Chelsea,Nott'ham Forest,2,2,D,15:00,Stamford Bridge,40030.0,Paul Tierney
2022-2023,2023-05-13,Manchester Utd,Wolves,2,0,H,15:00,Old Trafford,73570.0,John Brooks
2022-2023,2023-05-13,Aston Villa,Tottenham,2,1,H,15:00,Villa Park,42164.0,Peter Bankes
2022-2023,2023-05-13,Crystal Palace,Bournemouth,2,0,H,15:00,Selhurst Park,25034.0,Michael Salisbury
2022-2023,2023-05-13,Southampton,Fulham,0,2,A,15:00,St. Mary's Stadium,28978.0,Thomas Bramall
2022-2023,2023-05-14,Brentford,West Ham,2,0,H,14:00,Brentford Community Stadium,17075.0,Michael Oliver
2022-2023,2023-05-14,Everton,Manchester City,0,3,A,14:00,Goodison Park,39376.0,Anthony Taylor
2022-2023,2023-05-14,Arsenal,Brighton,0,3,A,16:30,Emirates Stadium,60139.0,Andy Madley
2022-2023,2023-05-15,Leicester City,Liverpool,0,3,A,20:00,King Power Stadium,32225.0,Craig Pawson
2022-2023,2023-05-18,Newcastle Utd,Brighton,4,1,H,19:30,St James' Park,52122.0,Robert Jones
2022-2023,2023-05-20,Tottenham,Brentford,1,3,A,12:30,Tottenham Hotspur Stadium,61514.0,Jarred Gillett
2022-2023,2023-05-20,Wolves,Everton,1,1,D,15:00,Molineux Stadium,31684.0,David Coote
2022-2023,2023-05-20,Liverpool,Aston Villa,1,1,D,15:00,Anfield,53306.0,John Brooks
2022-2023,2023-05-20,Bournemouth,Manchester Utd,0,1,A,15:00,Vitality Stadium,10240.0,Chris Kavanagh
2022-2023,2023-05-20,Fulham,Crystal Palace,2,2,D,15:00,Craven Cottage,24356.0,Joshua Smith
2022-2023,2023-05-20,Nott'ham Forest,Arsenal,1,0,H,17:30,The City Ground,29514.0,Anthony Taylor
2022-2023,2023-05-21,West Ham,Leeds United,3,1,H,13:30,London Stadium,62478.0,Peter Bankes
2022-2023,2023-05-21,Brighton,Southampton,3,1,H,14:00,The American Express Community Stadium,31507.0,Paul Tierney
2022-2023,2023-05-21,Manchester City,Chelsea,1,0,H,16:00,Etihad Stadium,53490.0,Michael Oliver
2022-2023,2023-05-22,Newcastle Utd,Leicester City,0,0,D,20:00,St James' Park,52152.0,Andre Marriner
2022-2023,2023-05-24,Brighton,Manchester City,1,1,D,20:00,The American Express Community Stadium,31388.0,Simon Hooper
2022-2023,2023-05-25,Manchester Utd,Chelsea,4,1,H,20:00,Old Trafford,73561.0,Stuart Attwell
2022-2023,2023-05-28,Brentford,Manchester City,1,0,H,16:30,Brentford Community Stadium,17120.0,John Brooks
2022-2023,2023-05-28,Everton,Bournemouth,1,0,H,16:30,Goodison Park,39201.0,Stuart Attwell
2022-2023,2023-05-28,Crystal Palace,Nott'ham Forest,1,1,D,16:30,Selhurst Park,25198.0,Thomas Bramall
2022-2023,2023-05-28,Southampton,Liverpool,4,4,D,16:30,St. Mary's Stadium,31129.0,Darren England
2022-2023,2023-05-28,Leicester City,West Ham,2,1,H,16:30,King Power Stadium,32183.0,Simon Hooper
2022-2023,2023-05-28,Aston Villa,Brighton,2,1,H,16:30,Villa Park,,David Coote
2022-2023,2023-05-28,Leeds United,Tottenham,1,4,A,16:30,Elland Road,36871.0,Anthony Taylor
2022-2023,2023-05-28,Arsenal,Wolves,5,0,H,16:30,Emirates Stadium,60095.0,Andre Marriner
2022-2023,2023-05-28,Manchester Utd,Fulham,2,1,H,16:30,Old Trafford,73465.0,Robert Jones
2022-2023,2023-05-28,Chelsea,Newcastle Utd,1,1,D,16:30,Stamford Bridge,40130.0,Jarred Gillett
2023-2024,2023-08-11,Burnley,Manchester City,0,3,A,20:00,Turf Moor,21572.0,Craig Pawson
2023-2024,2023-08-12,Arsenal,Nott'ham Forest,2,1,H,12:30,Emirates Stadium,59984.0,Michael Oliver
2023-2024,2023-08-12,Everton,Fulham,0,1,A,15:00,Goodison Park,39940.0,Stuart Attwell
2023-2024,2023-08-12,Brighton,Luton Town,4,1,H,15:00,The American Express Community Stadium,31872.0,David Coote
2023-2024,2023-08-12,Sheffield Utd,Crystal Palace,0,1,A,15:00,Bramall Lane,31194.0,John Brooks
2023-2024,2023-08-12,Bournemouth,West Ham,1,1,D,15:00,Vitality Stadium,11245.0,Peter Bankes
2023-2024,2023-08-12,Newcastle Utd,Aston Villa,5,1,H,17:30,St James' Park,52207.0,Andy Madley
2023-2024,2023-08-13,Brentford,Tottenham,2,2,D,14:00,Gtech Community Stadium,17066.0,Robert Jones
2023-2024,2023-08-13,Chelsea,Liverpool,1,1,D,16:30,Stamford Bridge,40096.0,Anthony Taylor
2023-2024,2023-08-14,Manchester Utd,Wolves,1,0,H,20:00,Old Trafford,73358.0,Simon Hooper
2023-2024,2023-08-18,Nott'ham Forest,Sheffield Utd,2,1,H,19:45,The City Ground,29432.0,Peter Bankes
2023-2024,2023-08-19,Wolves,Brighton,1,4,A,15:00,Molineux Stadium,31317.0,Andy Madley
2023-2024,2023-08-19,Fulham,Brentford,0,3,A,15:00,Craven Cottage,24236.0,Darren Bond
2023-2024,2023-08-19,Liverpool,Bournemouth,3,1,H,15:00,Anfield,53145.0,Thomas Bramall
2023-2024,2023-08-19,Tottenham,Manchester Utd,2,0,H,17:30,Tottenham Hotspur Stadium,61910.0,Michael Oliver
2023-2024,2023-08-19,Manchester City,Newcastle Utd,1,0,H,20:00,Etihad Stadium,53419.0,Robert Jones
2023-2024,2023-08-20,Aston Villa,Everton,4,0,H,14:00,Villa Park,41694.0,Anthony Taylor
2023-2024,2023-08-20,West Ham,Chelsea,3,1,H,16:30,London Stadium,62451.0,John Brooks
2023-2024,2023-08-21,Crystal Palace,Arsenal,0,1,A,20:00,Selhurst Park,24189.0,David Coote
2023-2024,2023-08-25,Chelsea,Luton Town,3,0,H,20:00,Stamford Bridge,39893.0,Robert Jones
2023-2024,2023-08-26,Bournemouth,Tottenham,0,2,A,12:30,Vitality Stadium,10567.0,Tim Robinson
2023-2024,2023-08-26,Everton,Wolves,0,1,A,15:00,Goodison Park,38851.0,Craig Pawson
2023-2024,2023-08-26,Manchester Utd,Nott'ham Forest,3,2,H,15:00,Old Trafford,73595.0,Stuart Attwell
2023-2024,2023-08-26,Brentford,Crystal Palace,1,1,D,15:00,Gtech Community Stadium,16997.0,Peter Bankes
2023-2024,2023-08-26,Arsenal,Fulham,2,2,D,15:00,Emirates Stadium,59961.0,Paul Tierney
2023-2024,2023-08-26,Brighton,West Ham,1,3,A,17:30,The American Express Community Stadium,31508.0,Anthony Taylor
2023-2024,2023-08-27,Sheffield Utd,Manchester City,1,2,A,14:00,Bramall Lane,31336.0,Jarred Gillett
2023-2024,2023-08-27,Burnley,Aston Villa,1,3,A,14:00,Turf Moor,21591.0,Michael Salisbury
2023-2024,2023-08-27,Newcastle Utd,Liverpool,1,2,A,16:30,St James' Park,52214.0,John Brooks
2023-2024,2023-09-01,Luton Town,West Ham,1,2,A,20:00,Kenilworth Road Stadium,10802.0,Paul Tierney
2023-2024,2023-09-02,Sheffield Utd,Everton,2,2,D,12:30,Bramall Lane,31124.0,Andy Madley
2023-2024,2023-09-02,Brentford,Bournemouth,2,2,D,15:00,Gtech Community Stadium,16973.0,Robert Madley
2023-2024,2023-09-02,Manchester City,Fulham,5,1,H,15:00,Etihad Stadium,52899.0,Michael Oliver
2023-2024,2023-09-02,Chelsea,Nott'ham Forest,0,1,A,15:00,Stamford Bridge,39820.0,Tim Robinson
2023-2024,2023-09-02,Burnley,Tottenham,2,5,A,15:00,Turf Moor,21750.0,Darren England
2023-2024,2023-09-02,Brighton,Newcastle Utd,3,1,H,17:30,The American Express Community Stadium,31620.0,Stuart Attwell
2023-2024,2023-09-03,Crystal Palace,Wolves,3,2,H,14:00,Selhurst Park,24741.0,Robert Jones
2023-2024,2023-09-03,Liverpool,Aston Villa,3,0,H,14:00,Anfield,50109.0,Simon Hooper
2023-2024,2023-09-03,Arsenal,Manchester Utd,3,1,H,16:30,Emirates Stadium,60192.0,Anthony Taylor
2023-2024,2023-09-16,Wolves,Liverpool,1,3,A,12:30,Molineux Stadium,31257.0,Michael Oliver
2023-2024,2023-09-16,Tottenham,Sheffield Utd,2,1,H,15:00,Tottenham Hotspur Stadium,61706.0,Peter Bankes
2023-2024,2023-09-16,West Ham,Manchester City,1,3,A,15:00,London Stadium,62475.0,Andy Madley
2023-2024,2023-09-16,Aston Villa,Crystal Palace,3,1,H,15:00,Villa Park,40809.0,Darren England
2023-2024,2023-09-16,Fulham,Luton Town,1,0,H,15:00,Craven Cottage,24467.0,Michael Salisbury
2023-2024,2023-09-16,Manchester Utd,Brighton,1,3,A,15:00,Old Trafford,73592.0,Jarred Gillett
2023-2024,2023-09-16,Newcastle Utd,Brentford,1,0,H,17:30,St James' Park,51670.0,Craig Pawson
2023-2024,2023-09-17,Bournemouth,Chelsea,0,0,D,14:00,Vitality Stadium,10421.0,David Coote
2023-2024,2023-09-17,Everton,Arsenal,0,1,A,16:30,Goodison Park,39217.0,Simon Hooper
2023-2024,2023-09-18,Nott'ham Forest,Burnley,1,1,D,19:45,The City Ground,28958.0,Robert Jones
2023-2024,2023-09-23,Luton Town,Wolves,1,1,D,15:00,Kenilworth Road Stadium,10893.0,Joshua Smith
2023-2024,2023-09-23,Manchester City,Nott'ham Forest,2,0,H,15:00,Etihad Stadium,53413.0,Anthony Taylor
2023-2024,2023-09-23,Crystal Palace,Fulham,0,0,D,15:00,Selhurst Park,25072.0,Paul Tierney
2023-2024,2023-09-23,Brentford,Everton,1,3,A,17:30,Gtech Community Stadium,16981.0,Michael Oliver
2023-2024,2023-09-23,Burnley,Manchester Utd,0,1,A,20:00,Turf Moor,21593.0,Tony Harrington
2023-2024,2023-09-24,Chelsea,Aston Villa,0,1,A,14:00,Stamford Bridge,39700.0,Jarred Gillett
2023-2024,2023-09-24,Arsenal,Tottenham,2,2,D,14:00,Emirates Stadium,60156.0,Robert Jones
2023-2024,2023-09-24,Liverpool,West Ham,3,1,H,14:00,Anfield,50136.0,Chris Kavanagh
2023-2024,2023-09-24,Brighton,Bournemouth,3,1,H,14:00,The American Express Community Stadium,31617.0,John Brooks
2023-2024,2023-09-24,Sheffield Utd,Newcastle Utd,0,8,A,16:30,Bramall Lane,31127.0,Stuart Attwell
2023-2024,2023-09-30,Aston Villa,Brighton,6,1,H,12:30,Villa Park,40636.0,Andy Madley
2023-2024,2023-09-30,Manchester Utd,Crystal Palace,0,1,A,15:00,Old Trafford,73428.0,Chris Kavanagh
2023-2024,2023-09-30,Wolves,Manchester City,2,1,H,15:00,Molineux Stadium,31415.0,Craig Pawson
2023-2024,2023-09-30,West Ham,Sheffield Utd,2,0,H,15:00,London Stadium,62459.0,Graham Scott
2023-2024,2023-09-30,Bournemouth,Arsenal,0,4,A,15:00,Vitality Stadium,11193.0,Michael Salisbury
2023-2024,2023-09-30,Newcastle Utd,Burnley,2,0,H,15:00,St James' Park,51687.0,Thomas Bramall
2023-2024,2023-09-30,Everton,Luton Town,1,2,A,15:00,Goodison Park,39289.0,Anthony Taylor
2023-2024,2023-09-30,Tottenham,Liverpool,2,1,H,17:30,Tottenham Hotspur Stadium,62001.0,Simon Hooper
2023-2024,2023-10-01,Nott'ham Forest,Brentford,1,1,D,14:00,The City Ground,29004.0,Paul Tierney
2023-2024,2023-10-02,Fulham,Chelsea,0,2,A,20:00,Craven Cottage,24445.0,Tim Robinson
2023-2024,2023-10-03,Luton Town,Burnley,1,2,A,19:30,Kenilworth Road Stadium,10918.0,Peter Bankes
2023-2024,2023-10-07,Luton Town,Tottenham,0,1,A,12:30,Kenilworth Road Stadium,10290.0,John Brooks
2023-2024,2023-10-07,Burnley,Chelsea,1,4,A,15:00,Turf Moor,21654.0,Stuart Attwell
2023-2024,2023-10-07,Manchester Utd,Brentford,2,1,H,15:00,Old Trafford,73453.0,Andy Madley
2023-2024,2023-10-07,Everton,Bournemouth,3,0,H,15:00,Goodison Park,38815.0,David Coote
2023-2024,2023-10-07,Fulham,Sheffield Utd,3,1,H,15:00,Craven Cottage,24361.0,Samuel Barrott
2023-2024,2023-10-07,Crystal Palace,Nott'ham Forest,0,0,D,17:30,Selhurst Park,25017.0,Craig Pawson
2023-2024,2023-10-08,West Ham,Newcastle Utd,2,2,D,14:00,London Stadium,62473.0,Peter Bankes
2023-2024,2023-10-08,Wolves,Aston Villa,1,1,D,14:00,Molineux Stadium,31425.0,Robert Jones
2023-2024,2023-10-08,Brighton,Liverpool,2,2,D,14:00,The American Express Community Stadium,31752.0,Anthony Taylor
2023-2024,2023-10-08,Arsenal,Manchester City,1,0,H,16:30,Emirates Stadium,60233.0,Michael Oliver
2023-2024,2023-10-21,Liverpool,Everton,2,0,H,12:30,Anfield,50201.0,Craig Pawson
2023-2024,2023-10-21,Brentford,Burnley,3,0,H,15:00,Gtech Community Stadium,17029.0,Joshua Smith
2023-2024,2023-10-21,Nott'ham Forest,Luton Town,2,2,D,15:00,The City Ground,29361.0,Samuel Barrott
2023-2024,2023-10-21,Bournemouth,Wolves,1,2,A,15:00,Vitality Stadium,11175.0,Paul Tierney
2023-2024,2023-10-21,Newcastle Utd,Crystal Palace,4,0,H,15:00,St James' Park,52189.0,Tim Robinson
2023-2024,2023-10-21,Manchester City,Brighton,2,1,H,15:00,Etihad Stadium,53466.0,Robert Jones
2023-2024,2023-10-21,Chelsea,Arsenal,2,2,D,17:30,Stamford Bridge,39723.0,Chris Kavanagh
2023-2024,2023-10-21,Sheffield Utd,Manchester Utd,1,2,A,20:00,Bramall Lane,31543.0,Michael Oliver
2023-2024,2023-10-22,Aston Villa,West Ham,4,1,H,16:30,Villa Park,41734.0,David Coote
2023-2024,2023-10-23,Tottenham,Fulham,2,0,H,20:00,Tottenham Hotspur Stadium,61286.0,Anthony Taylor
2023-2024,2023-10-27,Crystal Palace,Tottenham,1,2,A,20:00,Selhurst Park,25074.0,Andy Madley
2023-2024,2023-10-28,Chelsea,Brentford,0,2,A,12:30,Stamford Bridge,39575.0,Simon Hooper
2023-2024,2023-10-28,Arsenal,Sheffield Utd,5,0,H,15:00,Emirates Stadium,60153.0,Tim Robinson
2023-2024,2023-10-28,Bournemouth,Burnley,2,1,H,15:00,Vitality Stadium,11152.0,Samuel Barrott
2023-2024,2023-10-28,Wolves,Newcastle Utd,2,2,D,17:30,Molineux Stadium,31584.0,Anthony Taylor
2023-2024,2023-10-29,West Ham,Everton,0,1,A,13:00,London Stadium,62469.0,Stuart Attwell
2023-2024,2023-10-29,Brighton,Fulham,1,1,D,14:00,The American Express Community Stadium,31550.0,Michael Salisbury
2023-2024,2023-10-29,Liverpool,Nott'ham Forest,3,0,H,14:00,Anfield,50143.0,Chris Kavanagh
2023-2024,2023-10-29,Aston Villa,Luton Town,3,1,H,14:00,Villa Park,41785.0,John Brooks
2023-2024,2023-10-29,Manchester Utd,Manchester City,0,3,A,15:30,Old Trafford,73502.0,Paul Tierney
2023-2024,2023-11-04,Fulham,Manchester Utd,0,1,A,12:30,Craven Cottage,24415.0,John Brooks
2023-2024,2023-11-04,Brentford,West Ham,3,2,H,15:00,Gtech Community Stadium,17103.0,Thomas Bramall
2023-2024,2023-11-04,Burnley,Crystal Palace,0,2,A,15:00,Turf Moor,21578.0,Peter Bankes
2023-2024,2023-11-04,Manchester City,Bournemouth,6,1,H,15:00,Etihad Stadium,53358.0,Craig Pawson
2023-2024,2023-11-04,Everton,Brighton,1,1,D,15:00,Goodison Park,38683.0,Tim Robinson
2023-2024,2023-11-04,Sheffield Utd,Wolves,2,1,H,15:00,Bramall Lane,29454.0,Robert Jones
2023-2024,2023-11-04,Newcastle Utd,Arsenal,1,0,H,17:30,St James' Park,52194.0,Stuart Attwell
2023-2024,2023-11-05,Nott'ham Forest,Aston Villa,2,0,H,14:00,The City Ground,29313.0,Jarred Gillett
2023-2024,2023-11-05,Luton Town,Liverpool,1,1,D,16:30,Kenilworth Road Stadium,11049.0,Andy Madley
2023-2024,2023-11-06,Tottenham,Chelsea,1,4,A,20:00,Tottenham Hotspur Stadium,61726.0,Michael Oliver
2023-2024,2023-11-11,Wolves,Tottenham,2,1,H,12:30,Molineux Stadium,31642.0,Tim Robinson
2023-2024,2023-11-11,Manchester Utd,Luton Town,1,0,H,15:00,Old Trafford,73599.0,Graham Scott
2023-2024,2023-11-11,Crystal Palace,Everton,2,3,A,15:00,Selhurst Park,25103.0,Samuel Barrott
2023-2024,2023-11-11,Arsenal,Burnley,3,1,H,15:00,Emirates Stadium,60232.0,Michael Oliver
2023-2024,2023-11-11,Bournemouth,Newcastle Utd,2,0,H,17:30,Vitality Stadium,11201.0,Chris Kavanagh
2023-2024,2023-11-12,Aston Villa,Fulham,3,1,H,14:00,Villa Park,41608.0,Simon Hooper
2023-2024,2023-11-12,Brighton,Sheffield Utd,1,1,D,14:00,The American Express Community Stadium,31367.0,John Brooks
2023-2024,2023-11-12,Liverpool,Brentford,3,0,H,14:00,Anfield,50151.0,Paul Tierney
2023-2024,2023-11-12,West Ham,Nott'ham Forest,3,2,H,14:00,London Stadium,62470.0,Michael Salisbury
2023-2024,2023-11-12,Chelsea,Manchester City,4,4,D,16:30,Stamford Bridge,39532.0,Anthony Taylor
2023-2024,2023-11-25,Manchester City,Liverpool,1,1,D,12:30,Etihad Stadium,53289.0,Chris Kavanagh
2023-2024,2023-11-25,Sheffield Utd,Bournemouth,1,3,A,15:00,Bramall Lane,30208.0,Andy Madley
2023-2024,2023-11-25,Newcastle Utd,Chelsea,4,1,H,15:00,St James' Park,52227.0,Simon Hooper
2023-2024,2023-11-25,Luton Town,Crystal Palace,2,1,H,15:00,Kenilworth Road Stadium,11029.0,Jarred Gillett
2023-2024,2023-11-25,Burnley,West Ham,1,2,A,15:00,Turf Moor,21319.0,Samuel Barrott
2023-2024,2023-11-25,Nott'ham Forest,Brighton,2,3,A,15:00,The City Ground,29404.0,Anthony Taylor
2023-2024,2023-11-25,Brentford,Arsenal,0,1,A,17:30,Gtech Community Stadium,17201.0,Tim Robinson
2023-2024,2023-11-26,Tottenham,Aston Villa,1,2,A,14:00,Tottenham Hotspur Stadium,61679.0,Robert Jones
2023-2024,2023-11-26,Everton,Manchester Utd,0,3,A,16:30,Goodison Park,39257.0,John Brooks
2023-2024,2023-11-27,Fulham,Wolves,3,2,H,20:00,Craven Cottage,24366.0,Michael Salisbury
2023-2024,2023-12-02,Arsenal,Wolves,2,1,H,15:00,Emirates Stadium,60262.0,Peter Bankes
2023-2024,2023-12-02,Brentford,Luton Town,3,1,H,15:00,Gtech Community Stadium,17075.0,Anthony Taylor
2023-2024,2023-12-02,Burnley,Sheffield Utd,5,0,H,15:00,Turf Moor,21478.0,Chris Kavanagh
2023-2024,2023-12-02,Nott'ham Forest,Everton,0,1,A,17:30,The City Ground,29404.0,Paul Tierney
2023-2024,2023-12-02,Newcastle Utd,Manchester Utd,1,0,H,20:00,St James' Park,52214.0,Robert Jones
2023-2024,2023-12-03,Bournemouth,Aston Villa,2,2,D,14:00,Vitality Stadium,11191.0,Thomas Bramall
2023-2024,2023-12-03,West Ham,Crystal Palace,1,1,D,14:00,London Stadium,62414.0,Michael Oliver
2023-2024,2023-12-03,Liverpool,Fulham,4,3,H,14:00,Anfield,50124.0,Stuart Attwell
2023-2024,2023-12-03,Chelsea,Brighton,3,2,H,14:00,Stamford Bridge,39647.0,Craig Pawson
2023-2024,2023-12-03,Manchester City,Tottenham,3,3,D,16:30,Etihad Stadium,53473.0,Simon Hooper
2023-2024,2023-12-05,Wolves,Burnley,1,0,H,19:30,Molineux Stadium,30439.0,Jarred Gillett
2023-2024,2023-12-05,Luton Town,Arsenal,3,4,A,20:15,Kenilworth Road Stadium,11031.0,Samuel Barrott
2023-2024,2023-12-06,Sheffield Utd,Liverpool,0,2,A,19:30,Bramall Lane,31406.0,Simon Hooper
2023-2024,2023-12-06,Brighton,Brentford,2,1,H,19:30,The American Express Community Stadium,31571.0,Peter Bankes
2023-2024,2023-12-06,Crystal Palace,Bournemouth,0,2,A,19:30,Selhurst Park,25078.0,Craig Pawson
2023-2024,2023-12-06,Fulham,Nott'ham Forest,5,0,H,19:30,Craven Cottage,24105.0,Joshua Smith
2023-2024,2023-12-06,Aston Villa,Manchester City,1,0,H,20:15,Villa Park,41421.0,John Brooks
2023-2024,2023-12-06,Manchester Utd,Chelsea,2,1,H,20:15,Old Trafford,73607.0,Chris Kavanagh
2023-2024,2023-12-07,Everton,Newcastle Utd,3,0,H,19:30,Goodison Park,38198.0,Tim Robinson
2023-2024,2023-12-07,Tottenham,West Ham,1,2,A,20:15,Tottenham Hotspur Stadium,61171.0,Michael Salisbury
2023-2024,2023-12-09,Crystal Palace,Liverpool,1,2,A,12:30,Selhurst Park,25103.0,Andy Madley
2023-2024,2023-12-09,Sheffield Utd,Brentford,1,0,H,15:00,Bramall Lane,28509.0,Stuart Attwell
2023-2024,2023-12-09,Brighton,Burnley,1,1,D,15:00,The American Express Community Stadium,31511.0,Simon Hooper
2023-2024,2023-12-09,Wolves,Nott'ham Forest,1,1,D,15:00,Molineux Stadium,31543.0,Samuel Barrott
2023-2024,2023-12-09,Manchester Utd,Bournemouth,0,3,A,15:00,Old Trafford,73427.0,Peter Bankes
2023-2024,2023-12-09,Aston Villa,Arsenal,1,0,H,17:30,Villa Park,42000.0,Jarred Gillett
2023-2024,2023-12-10,Luton Town,Manchester City,1,2,A,14:00,Kenilworth Road Stadium,11047.0,Tim Robinson
2023-2024,2023-12-10,Fulham,West Ham,5,0,H,14:00,Craven Cottage,23988.0,Paul Tierney
2023-2024,2023-12-10,Everton,Chelsea,2,0,H,14:00,Goodison Park,39280.0,Michael Oliver
2023-2024,2023-12-10,Tottenham,Newcastle Utd,4,1,H,16:30,Tottenham Hotspur Stadium,61171.0,Chris Kavanagh
2023-2024,2023-12-15,Nott'ham Forest,Tottenham,0,2,A,20:00,The City Ground,29296.0,Jarred Gillett
2023-2024,2023-12-16,Chelsea,Sheffield Utd,2,0,H,15:00,Stamford Bridge,39599.0,Andy Madley
2023-2024,2023-12-16,Newcastle Utd,Fulham,3,0,H,15:00,St James' Park,52055.0,Samuel Barrott
2023-2024,2023-12-16,Manchester City,Crystal Palace,2,2,D,15:00,Etihad Stadium,53248.0,Paul Tierney
2023-2024,2023-12-16,Burnley,Everton,0,2,A,17:30,Turf Moor,21413.0,Anthony Taylor
2023-2024,2023-12-17,West Ham,Wolves,3,0,H,14:00,London Stadium,62455.0,Chris Kavanagh
2023-2024,2023-12-17,Arsenal,Brighton,2,0,H,14:00,Emirates Stadium,60257.0,Tim Robinson
2023-2024,2023-12-17,Brentford,Aston Villa,1,2,A,14:00,Gtech Community Stadium,17034.0,David Coote
2023-2024,2023-12-17,Liverpool,Manchester Utd,0,0,D,16:30,Anfield,57158.0,Michael Oliver
2023-2024,2023-12-21,Crystal Palace,Brighton,1,1,D,20:00,Selhurst Park,24171.0,John Brooks
2023-2024,2023-12-22,Aston Villa,Sheffield Utd,1,1,D,20:00,Villa Park,41651.0,Anthony Taylor
2023-2024,2023-12-23,West Ham,Manchester Utd,2,0,H,12:30,London Stadium,64472.0,Simon Hooper
2023-2024,2023-12-23,Fulham,Burnley,0,2,A,15:00,Craven Cottage,23598.0,Rebecca Welch
2023-2024,2023-12-23,Nott'ham Forest,Bournemouth,2,3,A,15:00,The City Ground,29188.0,Robert Jones
2023-2024,2023-12-23,Luton Town,Newcastle Utd,1,0,H,15:00,Kenilworth Road Stadium,11042.0,Darren England
2023-2024,2023-12-23,Tottenham,Everton,2,1,H,15:00,Tottenham Hotspur Stadium,61808.0,Stuart Attwell
2023-2024,2023-12-23,Liverpool,Arsenal,1,1,D,17:30,Anfield,57548.0,Chris Kavanagh
2023-2024,2023-12-24,Wolves,Chelsea,2,1,H,13:00,Molineux Stadium,31641.0,David Coote
2023-2024,2023-12-26,Newcastle Utd,Nott'ham Forest,1,3,A,12:30,St James' Park,52207.0,Chris Kavanagh
2023-2024,2023-12-26,Bournemouth,Fulham,3,0,H,15:00,Vitality Stadium,11099.0,Tim Robinson
2023-2024,2023-12-26,Sheffield Utd,Luton Town,2,3,A,15:00,Bramall Lane,31041.0,Samuel Allison
2023-2024,2023-12-26,Burnley,Liverpool,0,2,A,17:30,Turf Moor,21624.0,Paul Tierney
2023-2024,2023-12-26,Manchester Utd,Aston Villa,3,2,H,20:00,Old Trafford,73574.0,Craig Pawson
2023-2024,2023-12-27,Brentford,Wolves,1,4,A,19:30,Gtech Community Stadium,17109.0,Andy Madley
2023-2024,2023-12-27,Chelsea,Crystal Palace,2,1,H,19:30,Stamford Bridge,39618.0,Michael Salisbury
2023-2024,2023-12-27,Everton,Manchester City,1,3,A,20:15,Goodison Park,39327.0,John Brooks
2023-2024,2023-12-28,Brighton,Tottenham,4,2,H,19:30,The American Express Community Stadium,31675.0,Jarred Gillett
2023-2024,2023-12-28,Arsenal,West Ham,0,2,A,20:15,Emirates Stadium,60261.0,Michael Oliver
2023-2024,2023-12-30,Luton Town,Chelsea,2,3,A,12:30,Kenilworth Road Stadium,11041.0,Paul Tierney
2023-2024,2023-12-30,Crystal Palace,Brentford,3,1,H,15:00,Selhurst Park,25472.0,Robert Jones
2023-2024,2023-12-30,Wolves,Everton,3,0,H,15:00,Molineux Stadium,31639.0,Thomas Bramall
2023-2024,2023-12-30,Manchester City,Sheffield Utd,2,0,H,15:00,Etihad Stadium,53108.0,David Coote
2023-2024,2023-12-30,Aston Villa,Burnley,3,2,H,15:00,Villa Park,41613.0,Stuart Attwell
2023-2024,2023-12-30,Nott'ham Forest,Manchester Utd,2,1,H,17:30,The City Ground,29529.0,Tim Robinson
2023-2024,2023-12-31,Fulham,Arsenal,2,1,H,14:00,Craven Cottage,24444.0,Joshua Smith
2023-2024,2023-12-31,Tottenham,Bournemouth,3,1,H,14:00,Tottenham Hotspur Stadium,61780.0,Simon Hooper
2023-2024,2024-01-01,Liverpool,Newcastle Utd,4,2,H,20:00,Anfield,57471.0,Anthony Taylor
2023-2024,2024-01-02,West Ham,Brighton,0,0,D,19:30,London Stadium,62462.0,Samuel Barrott
2023-2024,2024-01-12,Burnley,Luton Town,1,1,D,19:45,Turf Moor,20155.0,Tony Harrington
2023-2024,2024-01-13,Chelsea,Fulham,1,0,H,12:30,Stamford Bridge,39643.0,Anthony Taylor
2023-2024,2024-01-13,Newcastle Utd,Manchester City,2,3,A,17:30,St James' Park,52190.0,Chris Kavanagh
2023-2024,2024-01-14,Everton,Aston Villa,0,0,D,14:00,Goodison Park,39284.0,David Coote
2023-2024,2024-01-14,Manchester Utd,Tottenham,2,2,D,16:30,Old Trafford,73489.0,John Brooks
2023-2024,2024-01-20,Arsenal,Crystal Palace,5,0,H,12:30,Emirates Stadium,60284.0,Paul Tierney
2023-2024,2024-01-20,Brentford,Nott'ham Forest,3,2,H,17:30,Gtech Community Stadium,17077.0,Darren England
2023-2024,2024-01-21,Sheffield Utd,West Ham,2,2,D,14:00,Bramall Lane,29164.0,Michael Salisbury
2023-2024,2024-01-21,Bournemouth,Liverpool,0,4,A,16:30,Vitality Stadium,11228.0,Andy Madley
2023-2024,2024-01-22,Brighton,Wolves,0,0,D,19:45,The American Express Community Stadium,41505.0,Craig Pawson
2023-2024,2024-01-30,Nott'ham Forest,Arsenal,1,2,A,19:30,The City Ground,29387.0,Simon Hooper
2023-2024,2024-01-30,Luton Town,Brighton,4,0,H,19:45,Kenilworth Road Stadium,10994.0,Robert Jones
2023-2024,2024-01-30,Fulham,Everton,0,0,D,19:45,Craven Cottage,24376.0,Thomas Bramall
2023-2024,2024-01-30,Crystal Palace,Sheffield Utd,3,2,H,20:00,Selhurst Park,24781.0,Tony Harrington
2023-2024,2024-01-30,Aston Villa,Newcastle Utd,1,3,A,20:15,Villa Park,42191.0,John Brooks
2023-2024,2024-01-31,Manchester City,Burnley,3,1,H,19:30,Etihad Stadium,52143.0,Samuel Barrott
2023-2024,2024-01-31,Tottenham,Brentford,3,2,H,19:30,Tottenham Hotspur Stadium,61210.0,David Coote
2023-2024,2024-01-31,Liverpool,Chelsea,4,1,H,20:15,Anfield,57524.0,Paul Tierney
2023-2024,2024-02-01,West Ham,Bournemouth,1,1,D,19:30,London Stadium,62478.0,Tim Robinson
2023-2024,2024-02-01,Wolves,Manchester Utd,3,4,A,20:15,Molineux Stadium,31641.0,Jarred Gillett
2023-2024,2024-02-03,Everton,Tottenham,2,2,D,12:30,Goodison Park,39321.0,Michael Oliver
2023-2024,2024-02-03,Burnley,Fulham,2,2,D,15:00,Turf Moor,20203.0,Darren Bond
2023-2024,2024-02-03,Brighton,Crystal Palace,4,1,H,15:00,The American Express Community Stadium,31345.0,Simon Hooper
2023-2024,2024-02-03,Newcastle Utd,Luton Town,4,4,D,15:00,St James' Park,52211.0,Thomas Bramall
2023-2024,2024-02-03,Sheffield Utd,Aston Villa,0,5,A,17:30,Bramall Lane,30187.0,Paul Tierney
2023-2024,2024-02-04,Chelsea,Wolves,2,4,A,14:00,Stamford Bridge,39628.0,Tim Robinson
2023-2024,2024-02-04,Bournemouth,Nott'ham Forest,1,1,D,14:00,Vitality Stadium,11200.0,Rebecca Welch
2023-2024,2024-02-04,Manchester Utd,West Ham,3,0,H,14:00,Old Trafford,73612.0,Andy Madley
2023-2024,2024-02-04,Arsenal,Liverpool,3,1,H,16:30,Emirates Stadium,60374.0,Anthony Taylor
2023-2024,2024-02-05,Brentford,Manchester City,1,3,A,20:00,Gtech Community Stadium,17096.0,Jarred Gillett
2023-2024,2024-02-10,Manchester City,Everton,2,0,H,12:30,Etihad Stadium,52187.0,John Brooks
2023-2024,2024-02-10,Wolves,Brentford,0,2,A,15:00,Molineux Stadium,30731.0,Simon Hooper
2023-2024,2024-02-10,Fulham,Bournemouth,3,1,H,15:00,Craven Cottage,24271.0,Darren England
2023-2024,2024-02-10,Tottenham,Brighton,2,1,H,15:00,Tottenham Hotspur Stadium,61445.0,Samuel Barrott
2023-2024,2024-02-10,Liverpool,Burnley,3,1,H,15:00,Anfield,59896.0,Tim Robinson
2023-2024,2024-02-10,Luton Town,Sheffield Utd,1,3,A,15:00,Kenilworth Road Stadium,11138.0,Chris Kavanagh
2023-2024,2024-02-10,Nott'ham Forest,Newcastle Utd,2,3,A,17:30,The City Ground,29451.0,Anthony Taylor
2023-2024,2024-02-11,West Ham,Arsenal,0,6,A,14:00,London Stadium,62475.0,Craig Pawson
2023-2024,2024-02-11,Aston Villa,Manchester Utd,1,2,A,16:30,Villa Park,42185.0,Robert Jones
2023-2024,2024-02-12,Crystal Palace,Chelsea,1,3,A,20:00,Selhurst Park,25110.0,Michael Oliver
2023-2024,2024-02-17,Brentford,Liverpool,1,4,A,12:30,Gtech Community Stadium,17193.0,Michael Oliver
2023-2024,2024-02-17,Nott'ham Forest,West Ham,2,0,H,15:00,The City Ground,29490.0,Thomas Bramall
2023-2024,2024-02-17,Burnley,Arsenal,0,5,A,15:00,Turf Moor,21311.0,Jarred Gillett
2023-2024,2024-02-17,Fulham,Aston Villa,1,2,A,15:00,Craven Cottage,24401.0,Lewis Smith
2023-2024,2024-02-17,Newcastle Utd,Bournemouth,2,2,D,15:00,St James' Park,52224.0,Michael Salisbury
2023-2024,2024-02-17,Tottenham,Wolves,1,2,A,15:00,Tottenham Hotspur Stadium,61532.0,Anthony Taylor
2023-2024,2024-02-17,Manchester City,Chelsea,1,1,D,17:30,Etihad Stadium,52178.0,Andy Madley
2023-2024,2024-02-18,Sheffield Utd,Brighton,0,5,A,14:00,Bramall Lane,29522.0,Stuart Attwell
2023-2024,2024-02-18,Luton Town,Manchester Utd,1,2,A,16:30,Kenilworth Road Stadium,11483.0,David Coote
2023-2024,2024-02-19,Everton,Crystal Palace,1,1,D,20:00,Goodison Park,38164.0,Paul Tierney
2023-2024,2024-02-20,Manchester City,Brentford,1,0,H,19:30,Etihad Stadium,52247.0,Darren England
2023-2024,2024-02-21,Liverpool,Luton Town,4,1,H,19:30,Anfield,59713.0,Andy Madley
2023-2024,2024-02-24,Aston Villa,Nott'ham Forest,4,2,H,15:00,Villa Park,42131.0,Samuel Barrott
2023-2024,2024-02-24,Manchester Utd,Fulham,1,2,A,15:00,Old Trafford,73487.0,Michael Oliver
2023-2024,2024-02-24,Crystal Palace,Burnley,3,0,H,15:00,Selhurst Park,24042.0,Lewis Smith
2023-2024,2024-02-24,Brighton,Everton,1,1,D,15:00,The American Express Community Stadium,41646.0,Tony Harrington
2023-2024,2024-02-24,Bournemouth,Manchester City,0,1,A,17:30,Vitality Stadium,11184.0,Jarred Gillett
2023-2024,2024-02-24,Arsenal,Newcastle Utd,4,1,H,20:00,Emirates Stadium,60298.0,Paul Tierney
2023-2024,2024-02-25,Wolves,Sheffield Utd,1,0,H,13:30,Molineux Stadium,30789.0,Darren Bond
2023-2024,2024-02-26,West Ham,Brentford,4,2,H,20:00,London Stadium,62450.0,Simon Hooper
2023-2024,2024-03-02,Brentford,Chelsea,2,2,D,15:00,Gtech Community Stadium,17140.0,Jarred Gillett
2023-2024,2024-03-02,Newcastle Utd,Wolves,3,0,H,15:00,St James' Park,52206.0,Tim Robinson
2023-2024,2024-03-02,Fulham,Brighton,3,0,H,15:00,Craven Cottage,24460.0,Simon Hooper
2023-2024,2024-03-02,Everton,West Ham,1,3,A,15:00,Goodison Park,39262.0,Craig Pawson
2023-2024,2024-03-02,Tottenham,Crystal Palace,3,1,H,15:00,Tottenham Hotspur Stadium,61339.0,John Brooks
2023-2024,2024-03-02,Nott'ham Forest,Liverpool,0,1,A,15:00,The City Ground,29603.0,Paul Tierney
2023-2024,2024-03-02,Luton Town,Aston Villa,2,3,A,17:30,Kenilworth Road Stadium,11594.0,Michael Oliver
2023-2024,2024-03-03,Burnley,Bournemouth,0,2,A,13:00,Turf Moor,19713.0,David Coote
2023-2024,2024-03-03,Manchester City,Manchester Utd,3,1,H,15:30,Etihad Stadium,53514.0,Andy Madley
2023-2024,2024-03-04,Sheffield Utd,Arsenal,0,6,A,20:00,Bramall Lane,29157.0,Samuel Barrott
2023-2024,2024-03-09,Manchester Utd,Everton,2,0,H,12:30,Old Trafford,73601.0,Simon Hooper
2023-2024,2024-03-09,Wolves,Fulham,2,1,H,15:00,Molineux Stadium,30860.0,Tony Harrington
2023-2024,2024-03-09,Bournemouth,Sheffield Utd,2,2,D,15:00,Vitality Stadium,11074.0,Anthony Taylor
2023-2024,2024-03-09,Crystal Palace,Luton Town,1,1,D,15:00,Selhurst Park,25103.0,Sunny Singh
2023-2024,2024-03-09,Arsenal,Brentford,2,1,H,17:30,Emirates Stadium,60331.0,Robert Jones
2023-2024,2024-03-10,Aston Villa,Tottenham,0,4,A,13:00,Villa Park,42310.0,Chris Kavanagh
2023-2024,2024-03-10,Brighton,Nott'ham Forest,1,0,H,14:00,The American Express Community Stadium,31505.0,Michael Salisbury
2023-2024,2024-03-10,West Ham,Burnley,2,2,D,14:00,London Stadium,62441.0,Darren England
2023-2024,2024-03-10,Liverpool,Manchester City,1,1,D,15:45,Anfield,59947.0,Michael Oliver
2023-2024,2024-03-11,Chelsea,Newcastle Utd,3,2,H,20:00,Stamford Bridge,37753.0,John Brooks
2023-2024,2024-03-13,Bournemouth,Luton Town,4,3,H,19:30,Vitality Stadium,11198.0,Samuel Allison
2023-2024,2024-03-16,Burnley,Brentford,2,1,H,15:00,Turf Moor,20431.0,Darren Bond
2023-2024,2024-03-16,Luton Town,Nott'ham Forest,1,1,D,15:00,Kenilworth Road Stadium,11630.0,Darren England
2023-2024,2024-03-16,Fulham,Tottenham,3,0,H,17:30,Craven Cottage,24410.0,Robert Jones
2023-2024,2024-03-17,West Ham,Aston Villa,1,1,D,14:00,London Stadium,62461.0,Jarred Gillett
2023-2024,2024-03-30,Newcastle Utd,West Ham,4,3,H,12:30,St James' Park,52199.0,Robert Jones
2023-2024,2024-03-30,Nott'ham Forest,Crystal Palace,1,1,D,15:00,The City Ground,29520.0,Chris Kavanagh
2023-2024,2024-03-30,Sheffield Utd,Fulham,3,3,D,15:00,Bramall Lane,30010.0,Tim Robinson
2023-2024,2024-03-30,Chelsea,Burnley,2,2,D,15:00,Stamford Bridge,39535.0,Darren England
2023-2024,2024-03-30,Tottenham,Luton Town,2,1,H,15:00,Tottenham Hotspur Stadium,61534.0,Jarred Gillett
2023-2024,2024-03-30,Bournemouth,Everton,2,1,H,15:00,Vitality Stadium,11207.0,Samuel Barrott
2023-2024,2024-03-30,Aston Villa,Wolves,2,0,H,17:30,Villa Park,42640.0,Paul Tierney
2023-2024,2024-03-30,Brentford,Manchester Utd,1,1,D,20:00,Gtech Community Stadium,17138.0,Simon Hooper
2023-2024,2024-03-31,Liverpool,Brighton,2,1,H,14:00,Anfield,60061.0,David Coote
2023-2024,2024-03-31,Manchester City,Arsenal,0,0,D,16:30,Etihad Stadium,52178.0,Anthony Taylor
2023-2024,2024-04-02,Newcastle Utd,Everton,1,1,D,19:30,St James' Park,52135.0,Tony Harrington
2023-2024,2024-04-02,Nott'ham Forest,Fulham,3,1,H,19:30,The City Ground,28997.0,Michael Oliver
2023-2024,2024-04-02,Bournemouth,Crystal Palace,1,0,H,19:45,Vitality Stadium,11058.0,Graham Scott
2023-2024,2024-04-02,Burnley,Wolves,1,1,D,19:45,Turf Moor,21528.0,Thomas Bramall
2023-2024,2024-04-02,West Ham,Tottenham,1,1,D,20:15,London Stadium,62469.0,John Brooks
2023-2024,2024-04-03,Brentford,Brighton,0,0,D,19:30,Gtech Community Stadium,17024.0,Andy Madley
2023-2024,2024-04-03,Arsenal,Luton Town,2,0,H,19:30,Emirates Stadium,60262.0,Craig Pawson
2023-2024,2024-04-03,Manchester City,Aston Villa,4,1,H,20:15,Etihad Stadium,53422.0,Darren England
2023-2024,2024-04-04,Liverpool,Sheffield Utd,3,1,H,19:30,Anfield,60055.0,Stuart Attwell
2023-2024,2024-04-04,Chelsea,Manchester Utd,4,3,H,20:15,Stamford Bridge,39694.0,Jarred Gillett
2023-2024,2024-04-06,Crystal Palace,Manchester City,2,4,A,12:30,Selhurst Park,25132.0,Paul Tierney
2023-2024,2024-04-06,Luton Town,Bournemouth,2,1,H,15:00,Kenilworth Road Stadium,11797.0,Andy Madley
2023-2024,2024-04-06,Everton,Burnley,1,0,H,15:00,Goodison Park,39125.0,Michael Oliver
2023-2024,2024-04-06,Wolves,West Ham,1,2,A,15:00,Molineux Stadium,31504.0,Tony Harrington
2023-2024,2024-04-06,Aston Villa,Brentford,3,3,D,15:00,Villa Park,42118.0,Michael Salisbury
2023-2024,2024-04-06,Fulham,Newcastle Utd,0,1,A,15:00,Craven Cottage,24418.0,Samuel Allison
2023-2024,2024-04-06,Brighton,Arsenal,0,3,A,17:30,The American Express Community Stadium,31677.0,John Brooks
2023-2024,2024-04-07,Manchester Utd,Liverpool,2,2,D,15:30,Old Trafford,73501.0,Anthony Taylor
2023-2024,2024-04-07,Sheffield Utd,Chelsea,2,2,D,17:30,Bramall Lane,28638.0,Robert Jones
2023-2024,2024-04-07,Tottenham,Nott'ham Forest,3,1,H,18:00,Tottenham Hotspur Stadium,61098.0,Simon Hooper
2023-2024,2024-04-13,Newcastle Utd,Tottenham,4,0,H,12:30,St James' Park,52147.0,Tim Robinson
2023-2024,2024-04-13,Manchester City,Luton Town,5,1,H,15:00,Etihad Stadium,52149.0,John Brooks
2023-2024,2024-04-13,Burnley,Brighton,1,1,D,15:00,Turf Moor,20687.0,Simon Hooper
2023-2024,2024-04-13,Nott'ham Forest,Wolves,2,2,D,15:00,The City Ground,29604.0,Craig Pawson
2023-2024,2024-04-13,Brentford,Sheffield Utd,2,0,H,15:00,Gtech Community Stadium,17115.0,Samuel Barrott
2023-2024,2024-04-13,Bournemouth,Manchester Utd,2,2,D,17:30,Vitality Stadium,11229.0,Tony Harrington
2023-2024,2024-04-14,Liverpool,Crystal Palace,0,1,A,14:00,Anfield,60090.0,Chris Kavanagh
2023-2024,2024-04-14,West Ham,Fulham,0,2,A,14:00,London Stadium,62459.0,Stuart Attwell
2023-2024,2024-04-14,Arsenal,Aston Villa,0,2,A,16:30,Emirates Stadium,60350.0,David Coote
2023-2024,2024-04-15,Chelsea,Everton,6,0,H,20:00,Stamford Bridge,39392.0,Paul Tierney
2023-2024,2024-04-20,Sheffield Utd,Burnley,1,4,A,15:00,Bramall Lane,28964.0,Andy Madley
2023-2024,2024-04-20,Luton Town,Brentford,1,5,A,15:00,Kenilworth Road Stadium,11877.0,Jarred Gillett
2023-2024,2024-04-20,Wolves,Arsenal,0,2,A,19:30,Molineux Stadium,31621.0,Paul Tierney
2023-2024,2024-04-21,Everton,Nott'ham Forest,2,0,H,13:30,Goodison Park,39239.0,Anthony Taylor
2023-2024,2024-04-21,Crystal Palace,West Ham,5,2,H,15:00,Selhurst Park,25145.0,Graham Scott
2023-2024,2024-04-21,Aston Villa,Bournemouth,3,1,H,15:00,Villa Park,42189.0,Tim Robinson
2023-2024,2024-04-21,Fulham,Liverpool,1,3,A,16:30,Craven Cottage,24414.0,Craig Pawson
2023-2024,2024-04-23,Arsenal,Chelsea,5,0,H,20:00,Emirates Stadium,60238.0,Simon Hooper
2023-2024,2024-04-24,Wolves,Bournemouth,0,1,A,19:45,Molineux Stadium,25541.0,Stuart Attwell
2023-2024,2024-04-24,Everton,Liverpool,2,0,H,20:00,Goodison Park,38222.0,Andy Madley
2023-2024,2024-04-24,Manchester Utd,Sheffield Utd,4,2,H,20:00,Old Trafford,73549.0,Michael Salisbury
2023-2024,2024-04-24,Crystal Palace,Newcastle Utd,2,0,H,20:00,Selhurst Park,25002.0,Thomas Bramall
2023-2024,2024-04-25,Brighton,Manchester City,0,4,A,20:00,The American Express Community Stadium,31596.0,Jarred Gillett
2023-2024,2024-04-27,West Ham,Liverpool,2,2,D,12:30,London Stadium,62474.0,Anthony Taylor
2023-2024,2024-04-27,Wolves,Luton Town,2,1,H,15:00,Molineux Stadium,31531.0,David Coote
2023-2024,2024-04-27,Manchester Utd,Burnley,1,1,D,15:00,Old Trafford,73571.0,John Brooks
2023-2024,2024-04-27,Fulham,Crystal Palace,1,1,D,15:00,Craven Cottage,24142.0,Stuart Attwell
2023-2024,2024-04-27,Newcastle Utd,Sheffield Utd,5,1,H,15:00,St James' Park,52196.0,Tony Harrington
2023-2024,2024-04-27,Everton,Brentford,1,0,H,17:30,Goodison Park,39098.0,Darren England
2023-2024,2024-04-27,Aston Villa,Chelsea,2,2,D,20:00,Villa Park,42354.0,Craig Pawson
2023-2024,2024-04-28,Tottenham,Arsenal,2,3,A,14:00,Tottenham Hotspur Stadium,61554.0,Michael Oliver
2023-2024,2024-04-28,Bournemouth,Brighton,3,0,H,14:00,Vitality Stadium,11188.0,Paul Tierney
2023-2024,2024-04-28,Nott'ham Forest,Manchester City,0,2,A,16:30,The City Ground,29677.0,Simon Hooper
2023-2024,2024-05-02,Chelsea,Tottenham,2,0,H,19:30,Stamford Bridge,39086.0,Robert Jones
2023-2024,2024-05-03,Luton Town,Everton,1,1,D,20:00,Kenilworth Road Stadium,11873.0,Tim Robinson
2023-2024,2024-05-04,Arsenal,Bournemouth,3,0,H,12:30,Emirates Stadium,60348.0,David Coote
2023-2024,2024-05-04,Brentford,Fulham,0,0,D,15:00,Gtech Community Stadium,17090.0,Graham Scott
2023-2024,2024-05-04,Burnley,Newcastle Utd,1,4,A,15:00,Turf Moor,21781.0,Anthony Taylor
2023-2024,2024-05-04,Sheffield Utd,Nott'ham Forest,1,3,A,15:00,Bramall Lane,28516.0,Chris Kavanagh
2023-2024,2024-05-04,Manchester City,Wolves,5,1,H,17:30,Etihad Stadium,52439.0,Craig Pawson
2023-2024,2024-05-05,Brighton,Aston Villa,1,0,H,14:00,The American Express Community Stadium,31596.0,Robert Jones
2023-2024,2024-05-05,Chelsea,West Ham,5,0,H,14:00,Stamford Bridge,39295.0,Andy Madley
2023-2024,2024-05-05,Liverpool,Tottenham,4,2,H,16:30,Anfield,60075.0,Paul Tierney
2023-2024,2024-05-06,Crystal Palace,Manchester Utd,4,0,H,20:00,Selhurst Park,25190.0,Jarred Gillett
2023-2024,2024-05-11,Fulham,Manchester City,0,4,A,12:30,Craven Cottage,24418.0,Anthony Taylor
2023-2024,2024-05-11,Newcastle Utd,Brighton,1,1,D,15:00,St James' Park,51997.0,Darren England
2023-2024,2024-05-11,Tottenham,Burnley,2,1,H,15:00,Tottenham Hotspur Stadium,61148.0,Jarred Gillett
2023-2024,2024-05-11,Wolves,Crystal Palace,1,3,A,15:00,Molineux Stadium,31424.0,Thomas Bramall
2023-2024,2024-05-11,Bournemouth,Brentford,1,2,A,15:00,Vitality Stadium,11154.0,Matt Donohue
2023-2024,2024-05-11,Everton,Sheffield Utd,1,0,H,15:00,Goodison Park,39221.0,Stuart Attwell
2023-2024,2024-05-11,West Ham,Luton Town,3,1,H,15:00,London Stadium,62475.0,Michael Oliver
2023-2024,2024-05-11,Nott'ham Forest,Chelsea,2,3,A,17:30,The City Ground,29708.0,Tony Harrington
2023-2024,2024-05-12,Manchester Utd,Arsenal,0,1,A,16:30,Old Trafford,73600.0,Paul Tierney
2023-2024,2024-05-13,Aston Villa,Liverpool,3,3,D,20:00,Villa Park,42241.0,Simon Hooper
2023-2024,2024-05-14,Tottenham,Manchester City,0,2,A,20:00,Tottenham Hotspur Stadium,61065.0,Chris Kavanagh
2023-2024,2024-05-15,Brighton,Chelsea,1,2,A,19:45,The American Express Community Stadium,31555.0,Michael Salisbury
2023-2024,2024-05-15,Manchester Utd,Newcastle Utd,3,2,H,20:00,Old Trafford,73582.0,Robert Jones
2023-2024,2024-05-19,Liverpool,Wolves,2,0,H,16:00,Anfield,60059.0,Chris Kavanagh
2023-2024,2024-05-19,Luton Town,Fulham,2,4,A,16:00,Kenilworth Road Stadium,12027.0,Matt Donohue
2023-2024,2024-05-19,Chelsea,Bournemouth,2,1,H,16:00,Stamford Bridge,39724.0,Anthony Taylor
2023-2024,2024-05-19,Burnley,Nott'ham Forest,1,2,A,16:00,Turf Moor,21109.0,Graham Scott
2023-2024,2024-05-19,Crystal Palace,Aston Villa,5,0,H,16:00,Selhurst Park,25191.0,Darren Bond
2023-2024,2024-05-19,Brighton,Manchester Utd,0,2,A,16:00,The American Express Community Stadium,31662.0,Craig Pawson
2023-2024,2024-05-19,Brentford,Newcastle Utd,2,4,A,16:00,Gtech Community Stadium,17124.0,Simon Hooper
2023-2024,2024-05-19,Manchester City,West Ham,3,1,H,16:00,Etihad Stadium,55097.0,John Brooks
2023-2024,2024-05-19,Arsenal,Everton,2,1,H,16:00,Emirates Stadium,60312.0,Michael Oliver
2023-2024,2024-05-19,Sheffield Utd,Tottenham,0,3,A,16:00,Bramall Lane,29116.0,Andy Madley
2024-2025,2024-08-16,Manchester Utd,Fulham,1,0,H,20:00,Old Trafford,73297.0,Robert Jones
2024-2025,2024-08-17,Ipswich Town,Liverpool,0,2,A,12:30,Portman Road Stadium,30014.0,Tim Robinson
2024-2025,2024-08-17,Newcastle Utd,Southampton,1,0,H,15:00,St James' Park,52196.0,Craig Pawson
2024-2025,2024-08-17,Everton,Brighton,0,3,A,15:00,Goodison Park,39217.0,Simon Hooper
2024-2025,2024-08-17,Nott'ham Forest,Bournemouth,1,1,D,15:00,The City Ground,29763.0,Michael Oliver
2024-2025,2024-08-17,Arsenal,Wolves,2,0,H,15:00,Emirates Stadium,60261.0,Jarred Gillett
2024-2025,2024-08-17,West Ham,Aston Villa,1,2,A,17:30,London Stadium,62463.0,Tony Harrington
2024-2025,2024-08-18,Brentford,Crystal Palace,2,1,H,14:00,Gtech Community Stadium,16988.0,Samuel Barrott
2024-2025,2024-08-18,Chelsea,Manchester City,0,2,A,16:30,Stamford Bridge,39818.0,Anthony Taylor
2024-2025,2024-08-19,Leicester City,Tottenham,1,1,D,20:00,King Power Stadium,31977.0,Chris Kavanagh
2024-2025,2024-08-24,Brighton,Manchester Utd,2,1,H,12:30,The American Express Stadium,31537.0,Craig Pawson
2024-2025,2024-08-24,Manchester City,Ipswich Town,4,1,H,15:00,Etihad Stadium,53147.0,Samuel Allison
2024-2025,2024-08-24,Southampton,Nott'ham Forest,0,1,A,15:00,St Mary's Stadium,31150.0,Samuel Barrott
2024-2025,2024-08-24,Tottenham,Everton,4,0,H,15:00,Tottenham Hotspur Stadium,61357.0,Anthony Taylor
2024-2025,2024-08-24,Fulham,Leicester City,2,1,H,15:00,Craven Cottage,25401.0,Darren Bond
2024-2025,2024-08-24,Crystal Palace,West Ham,0,2,A,15:00,Selhurst Park,25099.0,Robert Jones
2024-2025,2024-08-24,Aston Villa,Arsenal,0,2,A,17:30,Villa Park,41587.0,Michael Oliver
2024-2025,2024-08-25,Wolves,Chelsea,2,6,A,14:00,Molineux Stadium,31235.0,Darren England
2024-2025,2024-08-25,Bournemouth,Newcastle Utd,1,1,D,14:00,Vitality Stadium,11161.0,David Coote
2024-2025,2024-08-25,Liverpool,Brentford,2,0,H,16:30,Anfield,60017.0,Stuart Attwell
2024-2025,2024-08-31,Arsenal,Brighton,1,1,D,12:30,Emirates Stadium,60326.0,Chris Kavanagh
2024-2025,2024-08-31,Ipswich Town,Fulham,1,1,D,15:00,Portman Road Stadium,29517.0,Lewis Smith
2024-2025,2024-08-31,Nott'ham Forest,Wolves,1,1,D,15:00,The City Ground,29918.0,Simon Hooper
2024-2025,2024-08-31,Brentford,Southampton,3,1,H,15:00,Gtech Community Stadium,16955.0,Joshua Smith
2024-2025,2024-08-31,Leicester City,Aston Villa,1,2,A,15:00,King Power Stadium,31725.0,David Coote
2024-2025,2024-08-31,Everton,Bournemouth,2,3,A,15:00,Goodison Park,38805.0,Stuart Attwell
2024-2025,2024-08-31,West Ham,Manchester City,1,3,A,17:30,London Stadium,62469.0,Michael Oliver
2024-2025,2024-09-01,Newcastle Utd,Tottenham,2,1,H,13:30,St James' Park,52211.0,Robert Jones
2024-2025,2024-09-01,Chelsea,Crystal Palace,1,1,D,13:30,Stamford Bridge,39298.0,Jarred Gillett
2024-2025,2024-09-01,Manchester Utd,Liverpool,0,3,A,16:00,Old Trafford,73738.0,Anthony Taylor
2024-2025,2024-09-14,Southampton,Manchester Utd,0,3,A,12:30,St Mary's Stadium,31144.0,Stuart Attwell
2024-2025,2024-09-14,Manchester City,Brentford,2,1,H,15:00,Etihad Stadium,52148.0,Darren Bond
2024-2025,2024-09-14,Liverpool,Nott'ham Forest,0,1,A,15:00,Anfield,60344.0,Michael Oliver
2024-2025,2024-09-14,Crystal Palace,Leicester City,2,2,D,15:00,Selhurst Park,25147.0,Tony Harrington
2024-2025,2024-09-14,Fulham,West Ham,1,1,D,15:00,Craven Cottage,26528.0,Tim Robinson
2024-2025,2024-09-14,Brighton,Ipswich Town,0,0,D,15:00,The American Express Stadium,41573.0,Samuel Barrott
2024-2025,2024-09-14,Aston Villa,Everton,3,2,H,17:30,Villa Park,41573.0,Craig Pawson
2024-2025,2024-09-14,Bournemouth,Chelsea,0,1,A,20:00,Vitality Stadium,11235.0,Anthony Taylor
2024-2025,2024-09-15,Tottenham,Arsenal,0,1,A,14:00,Tottenham Hotspur Stadium,61645.0,Jarred Gillett
2024-2025,2024-09-15,Wolves,Newcastle Utd,1,2,A,16:30,Molineux Stadium,30255.0,Chris Kavanagh
2024-2025,2024-09-21,West Ham,Chelsea,0,3,A,12:30,London Stadium,62473.0,Samuel Barrott
2024-2025,2024-09-21,Tottenham,Brentford,3,1,H,15:00,Tottenham Hotspur Stadium,61246.0,John Brooks
2024-2025,2024-09-21,Aston Villa,Wolves,3,1,H,15:00,Villa Park,39978.0,Tim Robinson
2024-2025,2024-09-21,Fulham,Newcastle Utd,3,1,H,15:00,Craven Cottage,25700.0,Peter Bankes
2024-2025,2024-09-21,Southampton,Ipswich Town,1,1,D,15:00,St Mary's Stadium,31117.0,Samuel Allison
2024-2025,2024-09-21,Leicester City,Everton,1,1,D,15:00,King Power Stadium,31765.0,Darren England
2024-2025,2024-09-21,Liverpool,Bournemouth,3,0,H,15:00,Anfield,60347.0,Tony Harrington
2024-2025,2024-09-21,Crystal Palace,Manchester Utd,0,0,D,17:30,Selhurst Park,25172.0,David Coote
2024-2025,2024-09-22,Brighton,Nott'ham Forest,2,2,D,14:00,The American Express Stadium,31444.0,Robert Jones
2024-2025,2024-09-22,Manchester City,Arsenal,2,2,D,16:30,Etihad Stadium,52846.0,Michael Oliver
2024-2025,2024-09-28,Newcastle Utd,Manchester City,1,1,D,12:30,St James' Park,52248.0,Jarred Gillett
2024-2025,2024-09-28,Brentford,West Ham,1,1,D,15:00,Gtech Community Stadium,17050.0,Simon Hooper
2024-2025,2024-09-28,Everton,Crystal Palace,2,1,H,15:00,Goodison Park,38954.0,Andy Madley
2024-2025,2024-09-28,Arsenal,Leicester City,4,2,H,15:00,Emirates Stadium,60323.0,Samuel Barrott
2024-2025,2024-09-28,Chelsea,Brighton,4,2,H,15:00,Stamford Bridge,39495.0,Peter Bankes
2024-2025,2024-09-28,Nott'ham Forest,Fulham,0,1,A,15:00,The City Ground,30139.0,Joshua Smith
2024-2025,2024-09-28,Wolves,Liverpool,1,2,A,17:30,Molineux Stadium,31413.0,Anthony Taylor
2024-2025,2024-09-29,Ipswich Town,Aston Villa,2,2,D,14:00,Portman Road Stadium,29943.0,Stuart Attwell
2024-2025,2024-09-29,Manchester Utd,Tottenham,0,3,A,16:30,Old Trafford,73587.0,Chris Kavanagh
2024-2025,2024-09-30,Bournemouth,Southampton,3,1,H,20:00,Vitality Stadium,11243.0,Michael Oliver
2024-2025,2024-10-05,Crystal Palace,Liverpool,0,1,A,12:30,Selhurst Park,25185.0,Simon Hooper
2024-2025,2024-10-05,Brentford,Wolves,5,3,H,15:00,Gtech Community Stadium,16960.0,Andy Madley
2024-2025,2024-10-05,Leicester City,Bournemouth,1,0,H,15:00,King Power Stadium,31706.0,Darren Bond
2024-2025,2024-10-05,Manchester City,Fulham,3,2,H,15:00,Etihad Stadium,53017.0,Peter Bankes
2024-2025,2024-10-05,West Ham,Ipswich Town,4,1,H,15:00,London Stadium,62467.0,Anthony Taylor
2024-2025,2024-10-05,Arsenal,Southampton,3,1,H,15:00,Emirates Stadium,60307.0,Tony Harrington
2024-2025,2024-10-05,Everton,Newcastle Utd,0,0,D,17:30,Goodison Park,39265.0,Craig Pawson
2024-2025,2024-10-06,Aston Villa,Manchester Utd,0,0,D,14:00,Villa Park,42682.0,Robert Jones
2024-2025,2024-10-06,Chelsea,Nott'ham Forest,1,1,D,14:00,Stamford Bridge,39501.0,Chris Kavanagh
2024-2025,2024-10-06,Brighton,Tottenham,3,2,H,16:30,The American Express Stadium,31487.0,David Coote
2024-2025,2024-10-19,Tottenham,West Ham,4,1,H,12:30,Tottenham Hotspur Stadium,61381.0,Andy Madley
2024-2025,2024-10-19,Fulham,Aston Villa,1,3,A,15:00,Craven Cottage,26743.0,Darren England
2024-2025,2024-10-19,Ipswich Town,Everton,0,2,A,15:00,Portman Road Stadium,29862.0,Michael Oliver
2024-2025,2024-10-19,Southampton,Leicester City,2,3,A,15:00,St Mary's Stadium,31145.0,Anthony Taylor
2024-2025,2024-10-19,Manchester Utd,Brentford,2,1,H,15:00,Old Trafford,73738.0,Samuel Barrott
2024-2025,2024-10-19,Newcastle Utd,Brighton,0,1,A,15:00,St James' Park,52220.0,Peter Bankes
2024-2025,2024-10-19,Bournemouth,Arsenal,2,0,H,17:30,Vitality Stadium,11235.0,Robert Jones
2024-2025,2024-10-20,Wolves,Manchester City,1,2,A,14:00,Molineux Stadium,31319.0,Chris Kavanagh
2024-2025,2024-10-20,Liverpool,Chelsea,2,1,H,16:30,Anfield,60277.0,John Brooks
2024-2025,2024-10-21,Nott'ham Forest,Crystal Palace,1,0,H,20:00,The City Ground,29443.0,Tim Robinson
2024-2025,2024-10-25,Leicester City,Nott'ham Forest,1,3,A,20:00,King Power Stadium,31879.0,Craig Pawson
2024-2025,2024-10-26,Brighton,Wolves,2,2,D,15:00,The American Express Stadium,31840.0,Michael Oliver
2024-2025,2024-10-26,Manchester City,Southampton,1,0,H,15:00,Etihad Stadium,52844.0,Tony Harrington
2024-2025,2024-10-26,Brentford,Ipswich Town,4,3,H,15:00,Gtech Community Stadium,17109.0,Lewis Smith
2024-2025,2024-10-26,Aston Villa,Bournemouth,1,1,D,15:00,Villa Park,42165.0,Chris Kavanagh
2024-2025,2024-10-26,Everton,Fulham,1,1,D,17:30,Goodison Park,38742.0,John Brooks
2024-2025,2024-10-27,West Ham,Manchester Utd,2,1,H,14:00,London Stadium,62474.0,David Coote
2024-2025,2024-10-27,Chelsea,Newcastle Utd,2,1,H,14:00,Stamford Bridge,39526.0,Simon Hooper
2024-2025,2024-10-27,Crystal Palace,Tottenham,1,0,H,14:00,Selhurst Park,25108.0,Darren Bond
2024-2025,2024-10-27,Arsenal,Liverpool,2,2,D,16:30,Emirates Stadium,60383.0,Anthony Taylor
2024-2025,2024-11-02,Newcastle Utd,Arsenal,1,0,H,12:30,St James' Park,52249.0,John Brooks
2024-2025,2024-11-02,Liverpool,Brighton,2,1,H,15:00,Anfield,60331.0,Tony Harrington
2024-2025,2024-11-02,Southampton,Everton,1,0,H,15:00,St Mary's Stadium,31143.0,Andy Madley
2024-2025,2024-11-02,Nott'ham Forest,West Ham,3,0,H,15:00,The City Ground,30112.0,Peter Bankes
2024-2025,2024-11-02,Ipswich Town,Leicester City,1,1,D,15:00,Portman Road Stadium,29874.0,Tim Robinson
2024-2025,2024-11-02,Bournemouth,Manchester City,2,1,H,15:00,Vitality Stadium,11231.0,Michael Oliver
2024-2025,2024-11-02,Wolves,Crystal Palace,2,2,D,17:30,Molineux Stadium,31124.0,Anthony Taylor
2024-2025,2024-11-03,Tottenham,Aston Villa,4,1,H,14:00,Tottenham Hotspur Stadium,61253.0,Craig Pawson
2024-2025,2024-11-03,Manchester Utd,Chelsea,1,1,D,16:30,Old Trafford,73813.0,Robert Jones
2024-2025,2024-11-04,Fulham,Brentford,2,1,H,20:00,Craven Cottage,24931.0,Stuart Attwell
2024-2025,2024-11-09,West Ham,Everton,0,0,D,15:00,London Stadium,62463.0,Stuart Attwell
2024-2025,2024-11-09,Crystal Palace,Fulham,0,2,A,15:00,Selhurst Park,25142.0,Michael Salisbury
2024-2025,2024-11-09,Wolves,Southampton,2,0,H,15:00,Molineux Stadium,31403.0,Thomas Bramall
2024-2025,2024-11-09,Brentford,Bournemouth,3,2,H,15:00,Gtech Community Stadium,16587.0,Darren Bond
2024-2025,2024-11-09,Brighton,Manchester City,2,1,H,17:30,The American Express Stadium,31715.0,Samuel Barrott
2024-2025,2024-11-09,Liverpool,Aston Villa,2,0,H,20:00,Anfield,60292.0,David Coote
2024-2025,2024-11-10,Tottenham,Ipswich Town,1,2,A,14:00,Tottenham Hotspur Stadium,61505.0,Darren England
2024-2025,2024-11-10,Nott'ham Forest,Newcastle Utd,1,3,A,14:00,The City Ground,30145.0,Anthony Taylor
2024-2025,2024-11-10,Manchester Utd,Leicester City,3,0,H,14:00,Old Trafford,73829.0,Peter Bankes
2024-2025,2024-11-10,Chelsea,Arsenal,1,1,D,16:30,Stamford Bridge,39780.0,Michael Oliver
2024-2025,2024-11-23,Leicester City,Chelsea,1,2,A,12:30,King Power Stadium,31880.0,Andy Madley
2024-2025,2024-11-23,Aston Villa,Crystal Palace,2,2,D,15:00,Villa Park,42175.0,Tim Robinson
2024-2025,2024-11-23,Fulham,Wolves,1,4,A,15:00,Craven Cottage,26685.0,Robert Jones
2024-2025,2024-11-23,Bournemouth,Brighton,1,2,A,15:00,Vitality Stadium,11196.0,Stuart Attwell
2024-2025,2024-11-23,Arsenal,Nott'ham Forest,3,0,H,15:00,Emirates Stadium,60298.0,Simon Hooper
2024-2025,2024-11-23,Everton,Brentford,0,0,D,15:00,Goodison Park,38915.0,Chris Kavanagh
2024-2025,2024-11-23,Manchester City,Tottenham,0,4,A,17:30,Etihad Stadium,52478.0,John Brooks
2024-2025,2024-11-24,Southampton,Liverpool,2,3,A,14:00,St Mary's Stadium,31278.0,Samuel Barrott
2024-2025,2024-11-24,Ipswich Town,Manchester Utd,1,1,D,16:30,Portman Road Stadium,30017.0,Anthony Taylor
2024-2025,2024-11-25,Newcastle Utd,West Ham,0,2,A,20:00,St James' Park,52094.0,Craig Pawson
2024-2025,2024-11-29,Brighton,Southampton,1,1,D,20:00,The American Express Stadium,31542.0,Robert Jones
2024-2025,2024-11-30,Wolves,Bournemouth,2,4,A,15:00,Molineux Stadium,26685.0,Peter Bankes
2024-2025,2024-11-30,Nott'ham Forest,Ipswich Town,1,0,H,15:00,The City Ground,30237.0,Tony Harrington
2024-2025,2024-11-30,Brentford,Leicester City,4,1,H,15:00,Gtech Community Stadium,17084.0,Michael Oliver
2024-2025,2024-11-30,Crystal Palace,Newcastle Utd,1,1,D,15:00,Selhurst Park,25101.0,Darren England
2024-2025,2024-11-30,West Ham,Arsenal,2,5,A,17:30,London Stadium,62475.0,Anthony Taylor
2024-2025,2024-12-01,Manchester Utd,Everton,4,0,H,13:30,Old Trafford,73817.0,John Brooks
2024-2025,2024-12-01,Tottenham,Fulham,1,1,D,13:30,Tottenham Hotspur Stadium,61141.0,Darren Bond
2024-2025,2024-12-01,Chelsea,Aston Villa,3,0,H,13:30,Stamford Bridge,40853.0,Stuart Attwell
2024-2025,2024-12-01,Liverpool,Manchester City,2,0,H,16:00,Anfield,60248.0,Chris Kavanagh
2024-2025,2024-12-03,Ipswich Town,Crystal Palace,0,1,A,19:30,Portman Road Stadium,29533.0,Craig Pawson
2024-2025,2024-12-03,Leicester City,West Ham,3,1,H,20:15,King Power Stadium,30947.0,Joshua Smith
2024-2025,2024-12-04,Newcastle Utd,Liverpool,3,3,D,19:30,St James' Park,52237.0,Andy Madley
2024-2025,2024-12-04,Everton,Wolves,4,0,H,19:30,Goodison Park,38820.0,Michael Salisbury
2024-2025,2024-12-04,Manchester City,Nott'ham Forest,3,0,H,19:30,Etihad Stadium,51764.0,Michael Oliver
2024-2025,2024-12-04,Southampton,Chelsea,1,5,A,19:30,St Mary's Stadium,31193.0,Tony Harrington
2024-2025,2024-12-04,Arsenal,Manchester Utd,2,0,H,20:15,Emirates Stadium,60256.0,Samuel Barrott
2024-2025,2024-12-04,Aston Villa,Brentford,3,1,H,20:15,Villa Park,42148.0,Lewis Smith
2024-2025,2024-12-05,Fulham,Brighton,3,1,H,19:30,Craven Cottage,26368.0,Peter Bankes
2024-2025,2024-12-05,Bournemouth,Tottenham,1,0,H,20:15,Vitality Stadium,11234.0,Simon Hooper
2024-2025,2024-12-07,Aston Villa,Southampton,1,0,H,15:00,Villa Park,42453.0,Darren Bond
2024-2025,2024-12-07,Crystal Palace,Manchester City,2,2,D,15:00,Selhurst Park,25142.0,Robert Jones
2024-2025,2024-12-07,Brentford,Newcastle Utd,4,2,H,15:00,Gtech Community Stadium,17078.0,Simon Hooper
2024-2025,2024-12-07,Manchester Utd,Nott'ham Forest,2,3,A,17:30,Old Trafford,73778.0,Darren England
2024-2025,2024-12-08,Leicester City,Brighton,2,2,D,14:00,King Power Stadium,31647.0,Stuart Attwell
2024-2025,2024-12-08,Ipswich Town,Bournemouth,1,2,A,14:00,Portman Road Stadium,29180.0,Michael Salisbury
2024-2025,2024-12-08,Fulham,Arsenal,1,1,D,14:00,Craven Cottage,26954.0,Chris Kavanagh
2024-2025,2024-12-08,Tottenham,Chelsea,3,4,A,16:30,Tottenham Hotspur Stadium,61184.0,Anthony Taylor
2024-2025,2024-12-09,West Ham,Wolves,2,1,H,20:00,London Stadium,62474.0,John Brooks
2024-2025,2024-12-14,Liverpool,Fulham,2,2,D,15:00,Anfield,60333.0,Tony Harrington
2024-2025,2024-12-14,Wolves,Ipswich Town,1,2,A,15:00,Molineux Stadium,30866.0,Simon Hooper
2024-2025,2024-12-14,Newcastle Utd,Leicester City,4,0,H,15:00,St James' Park,52235.0,Thomas Bramall
2024-2025,2024-12-14,Arsenal,Everton,0,0,D,15:00,Emirates Stadium,60176.0,Craig Pawson
2024-2025,2024-12-14,Nott'ham Forest,Aston Villa,2,1,H,17:30,The City Ground,30117.0,Samuel Barrott
2024-2025,2024-12-15,Brighton,Crystal Palace,1,3,A,14:00,The American Express Stadium,30893.0,Michael Oliver
2024-2025,2024-12-15,Manchester City,Manchester Utd,1,2,A,16:30,Etihad Stadium,53184.0,Anthony Taylor
2024-2025,2024-12-15,Southampton,Tottenham,0,5,A,19:00,St Mary's Stadium,31090.0,Darren England
2024-2025,2024-12-15,Chelsea,Brentford,2,1,H,19:00,Stamford Bridge,39571.0,Peter Bankes
2024-2025,2024-12-16,Bournemouth,West Ham,1,1,D,20:00,Vitality Stadium,11204.0,Chris Kavanagh
2024-2025,2024-12-21,Aston Villa,Manchester City,2,1,H,12:30,Villa Park,42345.0,Peter Bankes
2024-2025,2024-12-21,Ipswich Town,Newcastle Utd,0,4,A,15:00,Portman Road Stadium,29774.0,Stuart Attwell
2024-2025,2024-12-21,Brentford,Nott'ham Forest,0,2,A,15:00,Gtech Community Stadium,17115.0,Michael Oliver
2024-2025,2024-12-21,West Ham,Brighton,1,1,D,15:00,London Stadium,62460.0,Robert Jones
2024-2025,2024-12-21,Crystal Palace,Arsenal,1,5,A,17:30,Selhurst Park,25167.0,Simon Hooper
2024-2025,2024-12-22,Manchester Utd,Bournemouth,0,3,A,14:00,Old Trafford,73720.0,Craig Pawson
2024-2025,2024-12-22,Leicester City,Wolves,0,3,A,14:00,King Power Stadium,31818.0,Anthony Taylor
2024-2025,2024-12-22,Everton,Chelsea,0,0,D,14:00,Goodison Park,39358.0,Chris Kavanagh
2024-2025,2024-12-22,Fulham,Southampton,0,0,D,14:00,Craven Cottage,26819.0,Tim Robinson
2024-2025,2024-12-22,Tottenham,Liverpool,3,6,A,16:30,Tottenham Hotspur Stadium,61439.0,Samuel Barrott
2024-2025,2024-12-26,Manchester City,Everton,1,1,D,12:30,Etihad Stadium,55527.0,Simon Hooper
2024-2025,2024-12-26,Southampton,West Ham,0,1,A,15:00,St Mary's Stadium,31059.0,Lewis Smith
2024-2025,2024-12-26,Newcastle Utd,Aston Villa,3,0,H,15:00,St James' Park,52168.0,Anthony Taylor
2024-2025,2024-12-26,Nott'ham Forest,Tottenham,1,0,H,15:00,The City Ground,30200.0,Craig Pawson
2024-2025,2024-12-26,Bournemouth,Crystal Palace,0,0,D,15:00,Vitality Stadium,11129.0,Thomas Bramall
2024-2025,2024-12-26,Chelsea,Fulham,1,2,A,15:00,Stamford Bridge,39687.0,Samuel Barrott
2024-2025,2024-12-26,Wolves,Manchester Utd,2,0,H,17:30,Molineux Stadium,31407.0,Tony Harrington
2024-2025,2024-12-26,Liverpool,Leicester City,3,1,H,20:00,Anfield,60300.0,Darren Bond
2024-2025,2024-12-27,Brighton,Brentford,0,0,D,19:30,The American Express Stadium,31548.0,Andy Madley
2024-2025,2024-12-27,Arsenal,Ipswich Town,1,0,H,20:15,Emirates Stadium,60271.0,Darren England
2024-2025,2024-12-29,Leicester City,Manchester City,0,2,A,14:30,King Power Stadium,32057.0,Michael Oliver
2024-2025,2024-12-29,Everton,Nott'ham Forest,0,2,A,15:00,Goodison Park,25414.0,Tony Harrington
2024-2025,2024-12-29,Tottenham,Wolves,2,2,D,15:00,Tottenham Hotspur Stadium,61284.0,Chris Kavanagh
2024-2025,2024-12-29,Fulham,Bournemouth,2,2,D,15:00,Craven Cottage,27301.0,Robert Jones
2024-2025,2024-12-29,Crystal Palace,Southampton,2,1,H,15:00,Selhurst Park,25130.0,Michael Salisbury
2024-2025,2024-12-29,West Ham,Liverpool,0,5,A,17:15,London Stadium,62476.0,Anthony Taylor
2024-2025,2024-12-30,Aston Villa,Brighton,2,2,D,19:45,Villa Park,41414.0,Craig Pawson
2024-2025,2024-12-30,Ipswich Town,Chelsea,2,0,H,19:45,Portman Road Stadium,29968.0,John Brooks
2024-2025,2024-12-30,Manchester Utd,Newcastle Utd,0,2,A,20:00,Old Trafford,73809.0,Simon Hooper
2024-2025,2025-01-01,Brentford,Arsenal,1,3,A,17:30,Gtech Community Stadium,47190.0,Peter Bankes
2024-2025,2025-01-04,Tottenham,Newcastle Utd,1,2,A,12:30,Tottenham Hotspur Stadium,61293.0,Andy Madley
2024-2025,2025-01-04,Aston Villa,Leicester City,2,1,H,15:00,Villa Park,42386.0,Jarred Gillett
2024-2025,2025-01-04,Bournemouth,Everton,1,0,H,15:00,Vitality Stadium,11223.0,John Brooks
2024-2025,2025-01-04,Crystal Palace,Chelsea,1,1,D,15:00,Selhurst Park,25179.0,Tim Robinson
2024-2025,2025-01-04,Southampton,Brentford,0,5,A,15:00,St Mary's Stadium,31001.0,Stuart Attwell
2024-2025,2025-01-04,Manchester City,West Ham,4,1,H,15:00,Etihad Stadium,52737.0,Michael Salisbury
2024-2025,2025-01-04,Brighton,Arsenal,1,1,D,17:30,The American Express Stadium,31714.0,Anthony Taylor
2024-2025,2025-01-05,Fulham,Ipswich Town,2,2,D,14:00,Craven Cottage,27042.0,Darren Bond
2024-2025,2025-01-05,Liverpool,Manchester Utd,2,2,D,16:30,Anfield,60275.0,Michael Oliver
2024-2025,2025-01-06,Wolves,Nott'ham Forest,0,3,A,20:00,Molineux Stadium,29940.0,Peter Bankes
2024-2025,2025-01-14,West Ham,Fulham,3,2,H,19:30,London Stadium,62456.0,Craig Pawson
2024-2025,2025-01-14,Chelsea,Bournemouth,2,2,D,19:30,Stamford Bridge,39092.0,Robert Jones
2024-2025,2025-01-14,Brentford,Manchester City,2,2,D,19:30,Gtech Community Stadium,17048.0,Anthony Taylor
2024-2025,2025-01-14,Nott'ham Forest,Liverpool,1,1,D,20:00,The City Ground,30249.0,Chris Kavanagh
2024-2025,2025-01-15,Leicester City,Crystal Palace,0,2,A,19:30,King Power Stadium,29766.0,Andy Madley
2024-2025,2025-01-15,Everton,Aston Villa,0,1,A,19:30,Goodison Park,39085.0,Samuel Barrott
2024-2025,2025-01-15,Newcastle Utd,Wolves,3,0,H,19:30,St James' Park,51975.0,Darren England
2024-2025,2025-01-15,Arsenal,Tottenham,2,1,H,20:00,Emirates Stadium,60287.0,Simon Hooper
2024-2025,2025-01-16,Ipswich Town,Brighton,0,2,A,19:30,Portman Road Stadium,29403.0,Tony Harrington
2024-2025,2025-01-16,Manchester Utd,Southampton,3,1,H,20:00,Old Trafford,73722.0,John Brooks
2024-2025,2025-01-18,Newcastle Utd,Bournemouth,1,4,A,12:30,St James' Park,52227.0,Stuart Attwell
2024-2025,2025-01-18,Leicester City,Fulham,0,2,A,15:00,King Power Stadium,31500.0,Michael Salisbury
2024-2025,2025-01-18,West Ham,Crystal Palace,0,2,A,15:00,London Stadium,62469.0,Thomas Bramall
2024-2025,2025-01-18,Brentford,Liverpool,0,2,A,15:00,Gtech Community Stadium,17215.0,Andy Madley
2024-2025,2025-01-18,Arsenal,Aston Villa,2,2,D,17:30,Emirates Stadium,60067.0,Chris Kavanagh
2024-2025,2025-01-19,Everton,Tottenham,3,2,H,14:00,Goodison Park,39326.0,Darren England
2024-2025,2025-01-19,Manchester Utd,Brighton,1,3,A,14:00,Old Trafford,73758.0,Peter Bankes
2024-2025,2025-01-19,Nott'ham Forest,Southampton,3,2,H,14:00,The City Ground,30180.0,Anthony Taylor
2024-2025,2025-01-19,Ipswich Town,Manchester City,0,6,A,16:30,Portman Road Stadium,29841.0,Samuel Barrott
2024-2025,2025-01-20,Chelsea,Wolves,3,1,H,20:00,Stamford Bridge,39221.0,Simon Hooper
2024-2025,2025-01-25,Southampton,Newcastle Utd,1,3,A,15:00,St Mary's Stadium,31141.0,Samuel Barrott
2024-2025,2025-01-25,Brighton,Everton,0,1,A,15:00,The American Express Stadium,31087.0,Tim Robinson
2024-2025,2025-01-25,Liverpool,Ipswich Town,4,1,H,15:00,Anfield,60420.0,Michael Salisbury
2024-2025,2025-01-25,Bournemouth,Nott'ham Forest,5,0,H,15:00,Vitality Stadium,11228.0,Craig Pawson
2024-2025,2025-01-25,Wolves,Arsenal,0,1,A,15:00,Molineux Stadium,31503.0,Michael Oliver
2024-2025,2025-01-25,Manchester City,Chelsea,3,1,H,17:30,Etihad Stadium,52687.0,John Brooks
2024-2025,2025-01-26,Crystal Palace,Brentford,1,2,A,14:00,Selhurst Park,25066.0,Tony Harrington
2024-2025,2025-01-26,Tottenham,Leicester City,1,2,A,14:00,Tottenham Hotspur Stadium,61295.0,Robert Jones
2024-2025,2025-01-26,Aston Villa,West Ham,1,1,D,16:30,Villa Park,41628.0,Peter Bankes
2024-2025,2025-01-26,Fulham,Manchester Utd,0,1,A,19:00,Craven Cottage,27288.0,Anthony Taylor
2024-2025,2025-02-01,Nott'ham Forest,Brighton,7,0,H,12:30,The City Ground,30164.0,Simon Hooper
2024-2025,2025-02-01,Everton,Leicester City,4,0,H,15:00,Goodison Park,39376.0,Darren Bond
2024-2025,2025-02-01,Newcastle Utd,Fulham,1,2,A,15:00,St James' Park,52173.0,Chris Kavanagh
2024-2025,2025-02-01,Bournemouth,Liverpool,0,2,A,15:00,Vitality Stadium,11239.0,Darren England
2024-2025,2025-02-01,Ipswich Town,Southampton,1,2,A,15:00,Portman Road Stadium,29902.0,Michael Oliver
2024-2025,2025-02-01,Wolves,Aston Villa,2,0,H,17:30,Molineux Stadium,31385.0,Andy Madley
2024-2025,2025-02-02,Manchester Utd,Crystal Palace,0,2,A,14:00,Old Trafford,73751.0,John Brooks
2024-2025,2025-02-02,Brentford,Tottenham,0,2,A,14:00,Gtech Community Stadium,17154.0,Jarred Gillett
2024-2025,2025-02-02,Arsenal,Manchester City,5,1,H,16:30,Emirates Stadium,60355.0,Peter Bankes
2024-2025,2025-02-03,Chelsea,West Ham,2,1,H,20:00,Stamford Bridge,39459.0,Stuart Attwell
2024-2025,2025-02-12,Everton,Liverpool,2,2,D,19:30,Goodison Park,39280.0,Michael Oliver
2024-2025,2025-02-14,Brighton,Chelsea,3,0,H,20:00,The American Express Stadium,31324.0,Chris Kavanagh
2024-2025,2025-02-15,Leicester City,Arsenal,0,2,A,12:30,King Power Stadium,31968.0,Samuel Barrott
2024-2025,2025-02-15,Fulham,Nott'ham Forest,2,1,H,15:00,Craven Cottage,27164.0,Thomas Bramall
2024-2025,2025-02-15,Manchester City,Newcastle Utd,4,0,H,15:00,Etihad Stadium,52479.0,Andy Madley
2024-2025,2025-02-15,Southampton,Bournemouth,1,3,A,15:00,St Mary's Stadium,31037.0,Jarred Gillett
2024-2025,2025-02-15,Aston Villa,Ipswich Town,1,1,D,15:00,Villa Park,42510.0,Robert Jones
2024-2025,2025-02-15,West Ham,Brentford,0,1,A,15:00,London Stadium,62415.0,Darren England
2024-2025,2025-02-15,Crystal Palace,Everton,1,2,A,17:30,Selhurst Park,25108.0,Anthony Taylor
2024-2025,2025-02-16,Liverpool,Wolves,2,1,H,14:00,Anfield,60248.0,Simon Hooper
2024-2025,2025-02-16,Tottenham,Manchester Utd,1,0,H,16:30,Tottenham Hotspur Stadium,61383.0,Peter Bankes
2024-2025,2025-02-19,Aston Villa,Liverpool,2,2,D,19:30,Villa Park,41910.0,Craig Pawson
2024-2025,2025-02-21,Leicester City,Brentford,0,4,A,20:00,King Power Stadium,31077.0,Tony Harrington
2024-2025,2025-02-22,Everton,Manchester Utd,2,2,D,12:30,Goodison Park,39290.0,Andy Madley
2024-2025,2025-02-22,Fulham,Crystal Palace,0,2,A,15:00,Craven Cottage,26777.0,Robert Jones
2024-2025,2025-02-22,Bournemouth,Wolves,0,1,A,15:00,Vitality Stadium,11206.0,Michael Salisbury
2024-2025,2025-02-22,Ipswich Town,Tottenham,1,4,A,15:00,Portman Road Stadium,30003.0,Tim Robinson
2024-2025,2025-02-22,Arsenal,West Ham,0,1,A,15:00,Emirates Stadium,60262.0,Craig Pawson
2024-2025,2025-02-22,Southampton,Brighton,0,4,A,15:00,St Mary's Stadium,30775.0,Darren Bond
2024-2025,2025-02-22,Aston Villa,Chelsea,2,1,H,17:30,Villa Park,42423.0,Michael Oliver
2024-2025,2025-02-23,Newcastle Utd,Nott'ham Forest,4,3,H,14:00,St James' Park,52223.0,Jarred Gillett
2024-2025,2025-02-23,Manchester City,Liverpool,0,2,A,16:30,Etihad Stadium,52803.0,Anthony Taylor
2024-2025,2025-02-25,Brighton,Bournemouth,2,1,H,19:30,The American Express Stadium,31138.0,Michael Oliver
2024-2025,2025-02-25,Crystal Palace,Aston Villa,4,1,H,19:30,Selhurst Park,24712.0,Samuel Barrott
2024-2025,2025-02-25,Wolves,Fulham,1,2,A,19:30,Molineux Stadium,28708.0,Peter Bankes
2024-2025,2025-02-25,Chelsea,Southampton,4,0,H,20:15,Stamford Bridge,39485.0,Thomas Bramall
2024-2025,2025-02-26,Tottenham,Manchester City,0,1,A,19:30,Tottenham Hotspur Stadium,60820.0,Jarred Gillett
2024-2025,2025-02-26,Nott'ham Forest,Arsenal,0,0,D,19:30,The City Ground,30200.0,Andy Madley
2024-2025,2025-02-26,Manchester Utd,Ipswich Town,3,2,H,19:30,Old Trafford,73827.0,Darren England
2024-2025,2025-02-26,Brentford,Everton,1,1,D,19:30,Gtech Community Stadium,17082.0,Simon Hooper
2024-2025,2025-02-26,Liverpool,Newcastle Utd,2,0,H,20:15,Anfield,60374.0,Stuart Attwell
2024-2025,2025-02-27,West Ham,Leicester City,2,0,H,20:00,London Stadium,62455.0,Anthony Taylor
2024-2025,2025-03-08,Nott'ham Forest,Manchester City,1,0,H,12:30,The City Ground,30252.0,Chris Kavanagh
2024-2025,2025-03-08,Liverpool,Southampton,3,1,H,15:00,Anfield,60399.0,Lewis Smith
2024-2025,2025-03-08,Brighton,Fulham,2,1,H,15:00,The American Express Stadium,31584.0,Samuel Barrott
2024-2025,2025-03-08,Crystal Palace,Ipswich Town,1,0,H,15:00,Selhurst Park,25155.0,Simon Hooper
2024-2025,2025-03-08,Brentford,Aston Villa,0,1,A,17:30,Gtech Community Stadium,17171.0,Jarred Gillett
2024-2025,2025-03-08,Wolves,Everton,1,1,D,20:00,Molineux Stadium,30738.0,Stuart Attwell
2024-2025,2025-03-09,Chelsea,Leicester City,1,0,H,14:00,Stamford Bridge,39750.0,Tim Robinson
2024-2025,2025-03-09,Tottenham,Bournemouth,2,2,D,14:00,Tottenham Hotspur Stadium,61178.0,John Brooks
2024-2025,2025-03-09,Manchester Utd,Arsenal,1,1,D,16:30,Old Trafford,73812.0,Anthony Taylor
2024-2025,2025-03-10,West Ham,Newcastle Utd,0,1,A,20:00,London Stadium,62463.0,Michael Salisbury
2024-2025,2025-03-15,Everton,West Ham,1,1,D,15:00,Goodison Park,39343.0,Darren Bond
2024-2025,2025-03-15,Southampton,Wolves,1,2,A,15:00,St Mary's Stadium,30950.0,Robert Jones
2024-2025,2025-03-15,Ipswich Town,Nott'ham Forest,2,4,A,15:00,Portman Road Stadium,29878.0,Michael Salisbury
2024-2025,2025-03-15,Manchester City,Brighton,2,2,D,15:00,Etihad Stadium,52471.0,Simon Hooper
2024-2025,2025-03-15,Bournemouth,Brentford,1,2,A,17:30,Vitality Stadium,11180.0,Craig Pawson
2024-2025,2025-03-16,Arsenal,Chelsea,1,0,H,13:30,Emirates Stadium,60311.0,Chris Kavanagh
2024-2025,2025-03-16,Fulham,Tottenham,2,0,H,13:30,Craven Cottage,27182.0,Andy Madley
2024-2025,2025-03-16,Leicester City,Manchester Utd,0,3,A,19:00,King Power Stadium,31773.0,Thomas Bramall
2024-2025,2025-04-01,Arsenal,Fulham,2,1,H,19:45,Emirates Stadium,60256.0,John Brooks
2024-2025,2025-04-01,Wolves,West Ham,1,0,H,19:45,Molineux Stadium,29587.0,Tony Harrington
2024-2025,2025-04-01,Nott'ham Forest,Manchester Utd,1,0,H,20:00,The City Ground,30249.0,Jarred Gillett
2024-2025,2025-04-02,Newcastle Utd,Brentford,2,1,H,19:45,St James' Park,52021.0,Peter Bankes
2024-2025,2025-04-02,Manchester City,Leicester City,2,0,H,19:45,Etihad Stadium,52148.0,Darren England
2024-2025,2025-04-02,Southampton,Crystal Palace,1,1,D,19:45,St Mary's Stadium,30158.0,Andy Madley
2024-2025,2025-04-02,Bournemouth,Ipswich Town,1,2,A,19:45,Vitality Stadium,11192.0,Robert Jones
2024-2025,2025-04-02,Brighton,Aston Villa,0,3,A,19:45,The American Express Stadium,27895.0,Stuart Attwell
2024-2025,2025-04-02,Liverpool,Everton,1,0,H,20:00,Anfield,60457.0,Samuel Barrott
2024-2025,2025-04-03,Chelsea,Tottenham,1,0,H,20:00,Stamford Bridge,39852.0,Craig Pawson
2024-2025,2025-04-05,Everton,Arsenal,1,1,D,12:30,Goodison Park,39316.0,Darren England
2024-2025,2025-04-05,Crystal Palace,Brighton,2,1,H,15:00,Selhurst Park,24564.0,Anthony Taylor
2024-2025,2025-04-05,Ipswich Town,Wolves,1,2,A,15:00,Portman Road Stadium,29549.0,Peter Bankes
2024-2025,2025-04-05,West Ham,Bournemouth,2,2,D,15:00,London Stadium,62459.0,Tim Robinson
2024-2025,2025-04-05,Aston Villa,Nott'ham Forest,2,1,H,17:30,Villa Park,42743.0,Simon Hooper
2024-2025,2025-04-06,Fulham,Liverpool,3,2,H,14:00,Craven Cottage,27770.0,Chris Kavanagh
2024-2025,2025-04-06,Brentford,Chelsea,0,0,D,14:00,Gtech Community Stadium,17183.0,Michael Oliver
2024-2025,2025-04-06,Tottenham,Southampton,3,1,H,14:00,Tottenham Hotspur Stadium,60984.0,Michael Salisbury
2024-2025,2025-04-06,Manchester Utd,Manchester City,0,0,D,16:30,Old Trafford,73738.0,John Brooks
2024-2025,2025-04-07,Leicester City,Newcastle Utd,0,3,A,20:00,King Power Stadium,30403.0,Robert Jones
2024-2025,2025-04-12,Manchester City,Crystal Palace,5,2,H,12:30,Etihad Stadium,52489.0,Jarred Gillett
2024-2025,2025-04-12,Brighton,Leicester City,2,2,D,15:00,The American Express Stadium,31150.0,Darren Bond
2024-2025,2025-04-12,Southampton,Aston Villa,0,3,A,15:00,St Mary's Stadium,30199.0,Thomas Bramall
2024-2025,2025-04-12,Nott'ham Forest,Everton,0,1,A,15:00,The City Ground,30199.0,Craig Pawson
2024-2025,2025-04-12,Arsenal,Brentford,1,1,D,17:30,Emirates Stadium,60184.0,Simon Hooper
2024-2025,2025-04-13,Liverpool,West Ham,2,1,H,14:00,Anfield,60376.0,Andy Madley
2024-2025,2025-04-13,Chelsea,Ipswich Town,2,2,D,14:00,Stamford Bridge,39805.0,Stuart Attwell
2024-2025,2025-04-13,Wolves,Tottenham,4,2,H,14:00,Molineux Stadium,31463.0,Anthony Taylor
2024-2025,2025-04-13,Newcastle Utd,Manchester Utd,4,1,H,16:30,St James' Park,52252.0,Chris Kavanagh
2024-2025,2025-04-14,Bournemouth,Fulham,1,0,H,20:00,Vitality Stadium,11195.0,Michael Oliver
2024-2025,2025-04-16,Newcastle Utd,Crystal Palace,5,0,H,19:30,St James' Park,52197.0,Darren England
2024-2025,2025-04-19,Everton,Manchester City,0,2,A,15:00,Goodison Park,39332.0,Simon Hooper
2024-2025,2025-04-19,West Ham,Southampton,1,1,D,15:00,London Stadium,,Andrew Kitchen
2024-2025,2025-04-19,Crystal Palace,Bournemouth,0,0,D,15:00,Selhurst Park,25185.0,Samuel Barrott
2024-2025,2025-04-19,Brentford,Brighton,4,2,H,15:00,Gtech Community Stadium,17083.0,Tim Robinson
2024-2025,2025-04-19,Aston Villa,Newcastle Utd,4,1,H,17:30,Villa Park,42618.0,Jarred Gillett
2024-2025,2025-04-20,Fulham,Chelsea,1,2,A,14:00,Craven Cottage,27712.0,Anthony Taylor
2024-2025,2025-04-20,Ipswich Town,Arsenal,0,4,A,14:00,Portman Road Stadium,29549.0,Chris Kavanagh
2024-2025,2025-04-20,Manchester Utd,Wolves,0,1,A,14:00,Old Trafford,73819.0,Robert Jones
2024-2025,2025-04-20,Leicester City,Liverpool,0,1,A,16:30,King Power Stadium,,Stuart Attwell
